,mjd,rv_0,rv_err_0,rv_1,rv_err_1,rv_2,rv_err_2,rv_3,rv_err_3,rv_4,rv_err_4,rv_5,rv_err_5,rv_6,rv_err_6,rv_7,rv_err_7,rv_8,rv_err_8,rv_9,rv_err_9,rv_10,rv_err_10,rv_11,rv_err_11,rv_12,rv_err_12,rv_13,rv_err_13,rv_14,rv_err_14,rv_15,rv_err_15,rv_16,rv_err_16,rv_17,rv_err_17,rv_18,rv_err_18,rv_19,rv_err_19,rv_20,rv_err_20,rv_21,rv_err_21,rv_22,rv_err_22,rv_23,rv_err_23,rv_24,rv_err_24,rv_25,rv_err_25,rv_26,rv_err_26,rv_27,rv_err_27,rv_28,rv_err_28,rv_29,rv_err_29,rv_30,rv_err_30,rv_31,rv_err_31
0,59332.18979662097,3.934732391006463,0.8128027742982793,3.934732391006463,0.8128027742982793,3.132205295631991,0.7922534815395531,3.132205295631991,0.7922534815395531,3.934732391006463,0.8128027742982793,3.934732391006463,0.8128027742982793,3.132205295631991,0.7922534815395531,3.132205295631991,0.7922534815395531,1.2260642334157126,0.8195274743814194,1.2260642334157126,0.8195274743814194,1.0101422332095638,0.799616561797528,1.0101422332095638,0.799616561797528,1.2260642334157126,0.8195274743814194,1.2260642334157126,0.8195274743814194,1.0101422332095638,0.799616561797528,1.0101422332095638,0.799616561797528,4.111033340976377,0.7972268844140863,4.111033340976377,0.7972268844140863,4.121916332989173,0.7749886597007773,4.121916332989173,0.7749886597007773,4.111033340976377,0.7972268844140863,4.111033340976377,0.7972268844140863,4.121916332989173,0.7749886597007773,4.121916332989173,0.7749886597007773,1.8746629523984097,0.7487647947355399,1.8746629523984097,0.7487647947355399,1.8267906994751115,0.726953297501983,1.8267906994751115,0.726953297501983,1.8746629523984097,0.7487647947355399,1.8746629523984097,0.7487647947355399,1.8267906994751115,0.726953297501983,1.8267906994751115,0.726953297501983
1,59332.1973869507,3.180448561493108,0.8109866822637574,3.180448561493108,0.8109866822637574,2.5105557825895346,0.7903942985198316,2.5105557825895346,0.7903942985198316,3.180448561493108,0.8109866822637574,3.180448561493108,0.8109866822637574,2.5105557825895346,0.7903942985198316,2.5105557825895346,0.7903942985198316,2.1701365242612667,0.8190241736504597,2.1701365242612667,0.8190241736504597,2.035150485540157,0.7990360342596264,2.035150485540157,0.7990360342596264,2.1701365242612667,0.8190241736504597,2.1701365242612667,0.8190241736504597,2.035150485540157,0.7990360342596264,2.035150485540157,0.7990360342596264,3.470063357525703,0.7930270229166435,3.470063357525703,0.7930270229166435,3.4743318698257895,0.7709916810384332,3.4743318698257895,0.7709916810384332,3.470063357525703,0.7930270229166435,3.470063357525703,0.7930270229166435,3.4743318698257895,0.7709916810384332,3.4743318698257895,0.7709916810384332,1.4325879029453006,0.7464344017760678,1.4325879029453006,0.7464344017760678,1.292331843821927,0.7247397027288055,1.292331843821927,0.7247397027288055,1.4325879029453006,0.7464344017760678,1.4325879029453006,0.7464344017760678,1.292331843821927,0.7247397027288055,1.292331843821927,0.7247397027288055
2,59332.20001099256,2.835168573758665,0.8135607191047055,2.835168573758665,0.8135607191047055,2.0913609149220918,0.7929832877278447,2.0913609149220918,0.7929832877278447,2.835168573758665,0.8135607191047055,2.835168573758665,0.8135607191047055,2.0913609149220918,0.7929832877278447,2.0913609149220918,0.7929832877278447,1.4609434582715721,0.8209610314369792,1.4609434582715721,0.8209610314369792,1.2855686167812053,0.8008859657586128,1.2855686167812053,0.8008859657586128,1.4609434582715721,0.8209610314369792,1.4609434582715721,0.8209610314369792,1.2855686167812053,0.8008859657586128,1.2855686167812053,0.8008859657586128,2.4603351434176943,0.7945635498665179,2.4603351434176943,0.7945635498665179,2.4159766247222194,0.7725689536271915,2.4159766247222194,0.7725689536271915,2.4603351434176943,0.7945635498665179,2.4603351434176943,0.7945635498665179,2.4159766247222194,0.7725689536271915,2.4159766247222194,0.7725689536271915,0.6391576041970382,0.7484924338658109,0.6391576041970382,0.7484924338658109,0.45287926139457113,0.7267715764439652,0.45287926139457113,0.7267715764439652,0.6391576041970382,0.7484924338658109,0.6391576041970382,0.7484924338658109,0.45287926139457113,0.7267715764439652,0.45287926139457113,0.7267715764439652
3,59334.23456564217,0.03401577163887737,0.8044444661705688,0.03401577163887737,0.8044444661705688,0.29459566637015655,0.7843049450274507,0.29459566637015655,0.7843049450274507,0.03401577163887737,0.8044444661705688,0.03401577163887737,0.8044444661705688,0.29459566637015655,0.7843049450274507,0.29459566637015655,0.7843049450274507,1.7265058597515974,0.8013353836930577,1.7265058597515974,0.8013353836930577,2.0453005569201252,0.7813067881330764,2.0453005569201252,0.7813067881330764,1.7265058597515974,0.8013353836930577,1.7265058597515974,0.8013353836930577,2.0453005569201252,0.7813067881330764,2.0453005569201252,0.7813067881330764,-0.8775444192371253,0.7618296789885052,-0.8775444192371253,0.7618296789885052,-0.6733121609449597,0.7412039505829842,-0.6733121609449597,0.7412039505829842,-0.8775444192371253,0.7618296789885052,-0.8775444192371253,0.7618296789885052,-0.6733121609449597,0.7412039505829842,-0.6733121609449597,0.7412039505829842,-2.224170027690519,0.7279715351261935,-2.224170027690519,0.7279715351261935,-2.2539107274292007,0.7068746372676978,-2.2539107274292007,0.7068746372676978,-2.224170027690519,0.7279715351261935,-2.224170027690519,0.7279715351261935,-2.2539107274292007,0.7068746372676978,-2.2539107274292007,0.7068746372676978
4,59334.23710295649,0.8568034784966301,0.8046493809241022,0.8568034784966301,0.8046493809241022,0.9995867787130521,0.784624119667452,0.9995867787130521,0.784624119667452,0.8568034784966301,0.8046493809241022,0.8568034784966301,0.8046493809241022,0.9995867787130521,0.784624119667452,0.9995867787130521,0.784624119667452,3.291200428161005,0.7999811758690074,3.291200428161005,0.7999811758690074,3.418023367831239,0.7799610834019653,3.418023367831239,0.7799610834019653,3.291200428161005,0.7999811758690074,3.291200428161005,0.7999811758690074,3.418023367831239,0.7799610834019653,3.418023367831239,0.7799610834019653,0.05737097532653479,0.7600240445584314,0.05737097532653479,0.7600240445584314,-0.014845670916059817,0.7394938793272484,-0.014845670916059817,0.7394938793272484,0.05737097532653479,0.7600240445584314,0.05737097532653479,0.7600240445584314,-0.014845670916059817,0.7394938793272484,-0.014845670916059817,0.7394938793272484,-1.7032669661485613,0.7266887144186138,-1.7032669661485613,0.7266887144186138,-1.9798062044825997,0.705602319374401,-1.9798062044825997,0.705602319374401,-1.7032669661485613,0.7266887144186138,-1.7032669661485613,0.7266887144186138,-1.9798062044825997,0.705602319374401,-1.9798062044825997,0.705602319374401
5,59334.23960011637,2.4681457275410423,0.8050115610703868,2.4681457275410423,0.8050115610703868,2.623655727862797,0.7849388086439042,2.623655727862797,0.7849388086439042,2.4681457275410423,0.8050115610703868,2.4681457275410423,0.8050115610703868,2.623655727862797,0.7849388086439042,2.623655727862797,0.7849388086439042,4.141068857348927,0.7997828829456862,4.141068857348927,0.7997828829456862,4.2848723208047375,0.779744293055381,4.2848723208047375,0.779744293055381,4.141068857348927,0.7997828829456862,4.141068857348927,0.7997828829456862,4.2848723208047375,0.779744293055381,4.2848723208047375,0.779744293055381,1.6121990561005077,0.759444845585913,1.6121990561005077,0.759444845585913,1.6046016831283794,0.7389645280926781,1.6046016831283794,0.7389645280926781,1.6121990561005077,0.759444845585913,1.6121990561005077,0.759444845585913,1.6046016831283794,0.7389645280926781,1.6046016831283794,0.7389645280926781,-0.17762225774717422,0.7266611097250129,-0.17762225774717422,0.7266611097250129,-0.40957287013992527,0.705536649650675,-0.40957287013992527,0.705536649650675,-0.17762225774717422,0.7266611097250129,-0.17762225774717422,0.7266611097250129,-0.40957287013992527,0.705536649650675,-0.40957287013992527,0.705536649650675
6,59335.32603469535,-0.0541746728192436,0.8401081608804529,-0.0541746728192436,0.8401081608804529,0.5293210449523826,0.8182593816481122,0.5293210449523826,0.8182593816481122,-0.0541746728192436,0.8401081608804529,-0.0541746728192436,0.8401081608804529,0.5293210449523826,0.8182593816481122,0.5293210449523826,0.8182593816481122,5.9568970342952525,0.8206164294055341,5.9568970342952525,0.8206164294055341,5.788648875162892,0.8000855250930788,5.788648875162892,0.8000855250930788,5.9568970342952525,0.8206164294055341,5.9568970342952525,0.8206164294055341,5.788648875162892,0.8000855250930788,5.788648875162892,0.8000855250930788,1.388492751497381,0.775764572254162,1.388492751497381,0.775764572254162,1.7257471005096932,0.7553801822066758,1.7257471005096932,0.7553801822066758,1.388492751497381,0.775764572254162,1.388492751497381,0.775764572254162,1.7257471005096932,0.7553801822066758,1.7257471005096932,0.7553801822066758,3.5782155378868765,0.7655334155301591,3.5782155378868765,0.7655334155301591,3.703585555789772,0.7427958559381718,3.703585555789772,0.7427958559381718,3.5782155378868765,0.7655334155301591,3.5782155378868765,0.7655334155301591,3.703585555789772,0.7427958559381718,3.703585555789772,0.7427958559381718
7,59335.33086804764,6.371218071488187,0.8359269717970219,6.371218071488187,0.8359269717970219,6.464363717702724,0.8143170377827921,6.464363717702724,0.8143170377827921,6.371218071488187,0.8359269717970219,6.371218071488187,0.8359269717970219,6.464363717702724,0.8143170377827921,6.464363717702724,0.8143170377827921,-1.5103659230295818,0.8168346367604546,-1.5103659230295818,0.8168346367604546,-2.4564801136326935,0.7963632950362581,-2.4564801136326935,0.7963632950362581,-1.5103659230295818,0.8168346367604546,-1.5103659230295818,0.8168346367604546,-2.4564801136326935,0.7963632950362581,-2.4564801136326935,0.7963632950362581,-4.4753246269542615,0.7738838815901412,-4.4753246269542615,0.7738838815901412,-4.545215788361816,0.7534753182802311,-4.545215788361816,0.7534753182802311,-4.4753246269542615,0.7738838815901412,-4.4753246269542615,0.7738838815901412,-4.545215788361816,0.7534753182802311,-4.545215788361816,0.7534753182802311,3.035744233289819,0.7644369846468813,3.035744233289819,0.7644369846468813,2.9288729117926096,0.7416341718056133,2.9288729117926096,0.7416341718056133,3.035744233289819,0.7644369846468813,3.035744233289819,0.7644369846468813,2.9288729117926096,0.7416341718056133,2.9288729117926096,0.7416341718056133
8,59335.33327239004,3.2185916445400267,0.8392050313879401,3.2185916445400267,0.8392050313879401,3.5218295399767214,0.8175883668679484,3.5218295399767214,0.8175883668679484,3.2185916445400267,0.8392050313879401,3.2185916445400267,0.8392050313879401,3.5218295399767214,0.8175883668679484,3.5218295399767214,0.8175883668679484,-3.490502265317218,0.8166128517870006,-3.490502265317218,0.8166128517870006,-4.451300728952134,0.7961468929245443,-4.451300728952134,0.7961468929245443,-3.490502265317218,0.8166128517870006,-3.490502265317218,0.8166128517870006,-4.451300728952134,0.7961468929245443,-4.451300728952134,0.7961468929245443,-6.493721135362392,0.7743851235527004,-6.493721135362392,0.7743851235527004,-6.492381064257785,0.7541852067955676,-6.492381064257785,0.7541852067955676,-6.493721135362392,0.7743851235527004,-6.493721135362392,0.7743851235527004,-6.492381064257785,0.7541852067955676,-6.492381064257785,0.7541852067955676,0.7083155345539751,0.7668962599338323,0.7083155345539751,0.7668962599338323,0.6434327093801642,0.7440973942710224,0.6434327093801642,0.7440973942710224,0.7083155345539751,0.7668962599338323,0.7083155345539751,0.7668962599338323,0.6434327093801642,0.7440973942710224,0.6434327093801642,0.7440973942710224
9,59336.17331545332,0.6981952800694557,0.7984299967812905,0.6981952800694557,0.7984299967812905,-0.3364818857024261,0.7786939669250815,-0.3364818857024261,0.7786939669250815,0.6981952800694557,0.7984299967812905,0.6981952800694557,0.7984299967812905,-0.3364818857024261,0.7786939669250815,-0.3364818857024261,0.7786939669250815,-2.5375513941953045,0.7924820840079972,-2.5375513941953045,0.7924820840079972,-3.0913784691145167,0.7733566579424112,-3.0913784691145167,0.7733566579424112,-2.5375513941953045,0.7924820840079972,-2.5375513941953045,0.7924820840079972,-3.0913784691145167,0.7733566579424112,-3.0913784691145167,0.7733566579424112,2.454407739285841,0.7796415336050005,2.454407739285841,0.7796415336050005,2.3728677764710824,0.7577813212278459,2.3728677764710824,0.7577813212278459,2.454407739285841,0.7796415336050005,2.454407739285841,0.7796415336050005,2.3728677764710824,0.7577813212278459,2.3728677764710824,0.7577813212278459,1.6313029046299903,0.7286430535034526,1.6313029046299903,0.7286430535034526,1.6166527027636164,0.7070183177161737,1.6166527027636164,0.7070183177161737,1.6313029046299903,0.7286430535034526,1.6313029046299903,0.7286430535034526,1.6166527027636164,0.7070183177161737,1.6166527027636164,0.7070183177161737
10,59336.17569188026,-1.4199171756293651,0.7955566995441168,-1.4199171756293651,0.7955566995441168,-2.4276700663038184,0.7759530105944402,-2.4276700663038184,0.7759530105944402,-1.4199171756293651,0.7955566995441168,-1.4199171756293651,0.7955566995441168,-2.4276700663038184,0.7759530105944402,-2.4276700663038184,0.7759530105944402,-4.673834982436659,0.7919016756926576,-4.673834982436659,0.7919016756926576,-5.231405252690649,0.7729296064160833,-5.231405252690649,0.7729296064160833,-4.673834982436659,0.7919016756926576,-4.673834982436659,0.7919016756926576,-5.231405252690649,0.7729296064160833,-5.231405252690649,0.7729296064160833,1.2325747905673268,0.7767160636641847,1.2325747905673268,0.7767160636641847,1.1270937097653473,0.7551069261954442,1.1270937097653473,0.7551069261954442,1.2325747905673268,0.7767160636641847,1.2325747905673268,0.7767160636641847,1.1270937097653473,0.7551069261954442,1.1270937097653473,0.7551069261954442,0.4100809386747528,0.7268993564261522,0.4100809386747528,0.7268993564261522,0.3913282656537831,0.7054702724909069,0.3913282656537831,0.7054702724909069,0.4100809386747528,0.7268993564261522,0.4100809386747528,0.7268993564261522,0.3913282656537831,0.7054702724909069,0.3913282656537831,0.7054702724909069
11,59336.18179622616,-2.0557009020058103,0.7947597632787433,-2.0557009020058103,0.7947597632787433,-3.0896476715975325,0.7750254762636042,-3.0896476715975325,0.7750254762636042,-2.0557009020058103,0.7947597632787433,-2.0557009020058103,0.7947597632787433,-3.0896476715975325,0.7750254762636042,-3.0896476715975325,0.7750254762636042,-4.740514454038816,0.7959080349728388,-4.740514454038816,0.7959080349728388,-5.289056840007788,0.7767661676109594,-5.289056840007788,0.7767661676109594,-4.740514454038816,0.7959080349728388,-4.740514454038816,0.7959080349728388,-5.289056840007788,0.7767661676109594,-5.289056840007788,0.7767661676109594,-0.35081019978909467,0.7782172312107433,-0.35081019978909467,0.7782172312107433,-0.39082858197400583,0.7565222107479044,-0.39082858197400583,0.7565222107479044,-0.35081019978909467,0.7782172312107433,-0.35081019978909467,0.7782172312107433,-0.39082858197400583,0.7565222107479044,-0.39082858197400583,0.7565222107479044,-1.6539395755640385,0.727410841194719,-1.6539395755640385,0.727410841194719,-1.7343028778343523,0.7061607424389399,-1.7343028778343523,0.7061607424389399,-1.6539395755640385,0.727410841194719,-1.6539395755640385,0.727410841194719,-1.7343028778343523,0.7061607424389399,-1.7343028778343523,0.7061607424389399
12,59337.23344922855,0.8143693020972478,0.8165794077647215,0.8143693020972478,0.8165794077647215,0.8839935999556587,0.7961398273139794,0.8839935999556587,0.7961398273139794,0.8143693020972478,0.8165794077647215,0.8143693020972478,0.8165794077647215,0.8839935999556587,0.7961398273139794,0.8839935999556587,0.7961398273139794,0.8441895607430752,0.8174622826482216,0.8441895607430752,0.8174622826482216,1.2800915728604991,0.7971813810388461,1.2800915728604991,0.7971813810388461,0.8441895607430752,0.8174622826482216,0.8441895607430752,0.8174622826482216,1.2800915728604991,0.7971813810388461,1.2800915728604991,0.7971813810388461,-0.8235179801792185,0.7791663089610189,-0.8235179801792185,0.7791663089610189,-0.47567159251909175,0.7579332182069383,-0.47567159251909175,0.7579332182069383,-0.8235179801792185,0.7791663089610189,-0.8235179801792185,0.7791663089610189,-0.47567159251909175,0.7579332182069383,-0.47567159251909175,0.7579332182069383,-1.7287641778166574,0.7440247141424214,-1.7287641778166574,0.7440247141424214,-1.6016497710186002,0.7224233988149045,-1.6016497710186002,0.7224233988149045,-1.7287641778166574,0.7440247141424214,-1.7287641778166574,0.7440247141424214,-1.6016497710186002,0.7224233988149045,-1.6016497710186002,0.7224233988149045
13,59337.2359314002,-0.5238875115789199,0.8185540149953818,-0.5238875115789199,0.8185540149953818,-0.2056708808673875,0.7980450494586483,-0.2056708808673875,0.7980450494586483,-0.5238875115789199,0.8185540149953818,-0.5238875115789199,0.8185540149953818,-0.2056708808673875,0.7980450494586483,-0.2056708808673875,0.7980450494586483,1.731875247790299,0.8181844895001141,1.731875247790299,0.8181844895001141,2.245690342422847,0.7978376289570692,2.245690342422847,0.7978376289570692,1.731875247790299,0.8181844895001141,1.731875247790299,0.8181844895001141,2.245690342422847,0.7978376289570692,2.245690342422847,0.7978376289570692,-0.7638957443857635,0.7796487827404041,-0.7638957443857635,0.7796487827404041,-0.3763411212117376,0.7584594074033503,-0.3763411212117376,0.7584594074033503,-0.7638957443857635,0.7796487827404041,-0.7638957443857635,0.7796487827404041,-0.3763411212117376,0.7584594074033503,-0.3763411212117376,0.7584594074033503,-1.8741203444139671,0.7442610867722085,-1.8741203444139671,0.7442610867722085,-1.7800701946339075,0.7226576718123795,-1.7800701946339075,0.7226576718123795,-1.8741203444139671,0.7442610867722085,-1.8741203444139671,0.7442610867722085,-1.7800701946339075,0.7226576718123795,-1.7800701946339075,0.7226576718123795
14,59337.24422116203,0.9540934419086113,0.8227006925266506,0.9540934419086113,0.8227006925266506,1.2487881690784377,0.8021388106512192,1.2487881690784377,0.8021388106512192,0.9540934419086113,0.8227006925266506,0.9540934419086113,0.8227006925266506,1.2487881690784377,0.8021388106512192,1.2487881690784377,0.8021388106512192,2.6057367360717194,0.8196681691946991,2.6057367360717194,0.8196681691946991,3.0236768560686187,0.7991068135675956,3.0236768560686187,0.7991068135675956,2.6057367360717194,0.8196681691946991,2.6057367360717194,0.8196681691946991,3.0236768560686187,0.7991068135675956,3.0236768560686187,0.7991068135675956,0.5885593100006759,0.7791244461108506,0.5885593100006759,0.7791244461108506,0.8257057594956905,0.75800775029489,0.8257057594956905,0.75800775029489,0.5885593100006759,0.7791244461108506,0.5885593100006759,0.7791244461108506,0.8257057594956905,0.75800775029489,0.8257057594956905,0.75800775029489,-0.8900584645113838,0.7466326825079795,-0.8900584645113838,0.7466326825079795,-0.8760615494800277,0.7248606454163738,-0.8760615494800277,0.7248606454163738,-0.8900584645113838,0.7466326825079795,-0.8900584645113838,0.7466326825079795,-0.8760615494800277,0.7248606454163738,-0.8760615494800277,0.7248606454163738
15,59338.18823923401,-0.5884925343964369,0.8375027924943649,-0.5884925343964369,0.8375027924943649,-1.638811597629683,0.8164351204390111,-1.638811597629683,0.8164351204390111,-0.5884925343964369,0.8375027924943649,-0.5884925343964369,0.8375027924943649,-1.638811597629683,0.8164351204390111,-1.638811597629683,0.8164351204390111,-3.4646656736128136,0.8435384065085834,-3.4646656736128136,0.8435384065085834,-3.863829017244882,0.8230891819195851,-3.863829017244882,0.8230891819195851,-3.4646656736128136,0.8435384065085834,-3.4646656736128136,0.8435384065085834,-3.863829017244882,0.8230891819195851,-3.863829017244882,0.8230891819195851,0.9894132899938484,0.8284833423661484,0.9894132899938484,0.8284833423661484,0.9949003619065877,0.8053391573723099,0.9949003619065877,0.8053391573723099,0.9894132899938484,0.8284833423661484,0.9894132899938484,0.8284833423661484,0.9949003619065877,0.8053391573723099,0.9949003619065877,0.8053391573723099,0.0899992885695724,0.7750988844451361,0.0899992885695724,0.7750988844451361,0.08882288693865803,0.7523303815694271,0.08882288693865803,0.7523303815694271,0.0899992885695724,0.7750988844451361,0.0899992885695724,0.7750988844451361,0.08882288693865803,0.7523303815694271,0.08882288693865803,0.7523303815694271
16,59338.19073185555,0.5385331479458557,0.8374158562612157,0.5385331479458557,0.8374158562612157,-0.4532549442751872,0.8163356823103631,-0.4532549442751872,0.8163356823103631,0.5385331479458557,0.8374158562612157,0.5385331479458557,0.8374158562612157,-0.4532549442751872,0.8163356823103631,-0.4532549442751872,0.8163356823103631,-2.6445122569402884,0.8450080590675463,-2.6445122569402884,0.8450080590675463,-2.971373954747264,0.8244278899669427,-2.971373954747264,0.8244278899669427,-2.6445122569402884,0.8450080590675463,-2.6445122569402884,0.8450080590675463,-2.971373954747264,0.8244278899669427,-2.971373954747264,0.8244278899669427,0.9227187982363887,0.8275662813656522,0.9227187982363887,0.8275662813656522,0.9952315465494337,0.8042646163711491,0.9952315465494337,0.8042646163711491,0.9227187982363887,0.8275662813656522,0.9227187982363887,0.8275662813656522,0.9952315465494337,0.8042646163711491,0.9952315465494337,0.8042646163711491,-0.0899992885695724,0.7751079333158089,-0.0899992885695724,0.7751079333158089,-0.08882288693868645,0.7522686179802421,-0.08882288693868645,0.7522686179802421,-0.0899992885695724,0.7751079333158089,-0.0899992885695724,0.7751079333158089,-0.08882288693868645,0.7522686179802421,-0.08882288693868645,0.7522686179802421
17,59338.19324955342,-0.6979316201139056,0.8372384748299,-0.6979316201139056,0.8372384748299,-1.6282103648198074,0.816117977525091,-1.6282103648198074,0.816117977525091,-0.6979316201139056,0.8372384748299,-0.6979316201139056,0.8372384748299,-1.6282103648198074,0.816117977525091,-1.6282103648198074,0.816117977525091,-2.8595080657761685,0.8475721457421957,-2.8595080657761685,0.8475721457421957,-3.2588227402231382,0.8270178981065263,-3.2588227402231382,0.8270178981065263,-2.8595080657761685,0.8475721457421957,-2.8595080657761685,0.8475721457421957,-3.2588227402231382,0.8270178981065263,-3.2588227402231382,0.8270178981065263,1.2115470938914825,0.8287425933602081,1.2115470938914825,0.8287425933602081,1.2085643053325157,0.8055147169027601,1.2085643053325157,0.8055147169027601,1.2115470938914825,0.8287425933602081,1.2115470938914825,0.8287425933602081,1.2085643053325157,0.8055147169027601,1.2085643053325157,0.8055147169027601,-0.2749722321201489,0.776196126556731,-0.2749722321201489,0.776196126556731,-0.30011047203188923,0.7534626396021259,-0.30011047203188923,0.7534626396021259,-0.2749722321201489,0.776196126556731,-0.2749722321201489,0.776196126556731,-0.30011047203188923,0.7534626396021259,-0.30011047203188923,0.7534626396021259
18,59339.26485140014,-0.3902021835069718,0.8284445937135625,-0.3902021835069718,0.8284445937135625,0.07799140003851335,0.8076036414137149,0.07799140003851335,0.8076036414137149,-0.3902021835069718,0.8284445937135625,-0.3902021835069718,0.8284445937135625,0.07799140003851335,0.8076036414137149,0.07799140003851335,0.8076036414137149,1.9195716966289353,0.8204683303376685,1.9195716966289353,0.8204683303376685,2.1885904929379194,0.7999023607290834,2.1885904929379194,0.7999023607290834,1.9195716966289353,0.8204683303376685,1.9195716966289353,0.8204683303376685,2.1885904929379194,0.7999023607290834,2.1885904929379194,0.7999023607290834,-0.31193864375342173,0.7758177086758087,-0.31193864375342173,0.7758177086758087,-0.16008893023644077,0.755066937154688,-0.16008893023644077,0.755066937154688,-0.31193864375342173,0.7758177086758087,-0.31193864375342173,0.7758177086758087,-0.16008893023644077,0.755066937154688,-0.16008893023644077,0.755066937154688,-2.1411759794734735,0.7477928786171321,-2.1411759794734735,0.7477928786171321,-2.2245657157620258,0.7259121048772554,-2.2245657157620258,0.7259121048772554,-2.1411759794734735,0.7477928786171321,-2.1411759794734735,0.7477928786171321,-2.2245657157620258,0.7259121048772554,-2.2245657157620258,0.7259121048772554
19,59339.27473456365,-0.779261695682095,0.8322689311737977,-0.779261695682095,0.8322689311737977,0.14948585686357774,0.8111305256549259,0.14948585686357774,0.8111305256549259,-0.779261695682095,0.8322689311737977,-0.779261695682095,0.8322689311737977,0.14948585686357774,0.8111305256549259,0.14948585686357774,0.8111305256549259,1.099887644343255,0.8210532508812278,1.099887644343255,0.8210532508812278,1.6517702793694298,0.8006315914229788,1.6517702793694298,0.8006315914229788,1.099887644343255,0.8210532508812278,1.099887644343255,0.8210532508812278,1.6517702793694298,0.8006315914229788,1.6517702793694298,0.8006315914229788,-1.354955534441018,0.7733773051816406,-1.354955534441018,0.7733773051816406,-0.9659593021169712,0.7528155905896241,-0.9659593021169712,0.7528155905896241,-1.354955534441018,0.7733773051816406,-1.354955534441018,0.7733773051816406,-0.9659593021169712,0.7528155905896241,-0.9659593021169712,0.7528155905896241,-2.723307045833536,0.7496407805875488,-2.723307045833536,0.7496407805875488,-2.6946461221651816,0.7276678838100599,-2.6946461221651816,0.7276678838100599,-2.723307045833536,0.7496407805875488,-2.723307045833536,0.7496407805875488,-2.6946461221651816,0.7276678838100599,-2.6946461221651816,0.7276678838100599
20,59339.34505873776,6.601493077533661,0.8319189549945409,6.601493077533661,0.8319189549945409,7.001189073316198,0.8105069877374078,7.001189073316198,0.8105069877374078,6.601493077533661,0.8319189549945409,6.601493077533661,0.8319189549945409,7.001189073316198,0.8105069877374078,7.001189073316198,0.8105069877374078,-0.016510579785574464,0.8108931235649606,-0.016510579785574464,0.8108931235649606,-0.8138468360171203,0.7904727030050392,-0.8138468360171203,0.7904727030050392,-0.016510579785574464,0.8108931235649606,-0.016510579785574464,0.8108931235649606,-0.8138468360171203,0.7904727030050392,-0.8138468360171203,0.7904727030050392,-3.290139002773401,0.7682262610632965,-3.290139002773401,0.7682262610632965,-3.2156966814901864,0.7478620701759887,-3.2156966814901864,0.7478620701759887,-3.290139002773401,0.7682262610632965,-3.290139002773401,0.7682262610632965,-3.2156966814901864,0.7478620701759887,-3.2156966814901864,0.7478620701759887,4.552166395951019,0.759408534985765,4.552166395951019,0.759408534985765,4.568845694925557,0.7368381625567605,4.568845694925557,0.7368381625567605,4.552166395951019,0.759408534985765,4.552166395951019,0.759408534985765,4.568845694925557,0.7368381625567605,4.568845694925557,0.7368381625567605
21,59341.20567374954,-1.2936738340464728,0.7966667320990409,-1.2936738340464728,0.7966667320990409,-2.003183002410708,0.776634973341532,-2.003183002410708,0.776634973341532,-1.2936738340464728,0.7966667320990409,-1.2936738340464728,0.7966667320990409,-2.003183002410708,0.776634973341532,-2.003183002410708,0.776634973341532,-3.48404337006329,0.8022927964511898,-3.48404337006329,0.8022927964511898,-3.7451576396728683,0.7827200734809131,-3.7451576396728683,0.7827200734809131,-3.48404337006329,0.8022927964511898,-3.48404337006329,0.8022927964511898,-3.7451576396728683,0.7827200734809131,-3.7451576396728683,0.7827200734809131,-0.05737097532653479,0.7831716371552861,-0.05737097532653479,0.7831716371552861,0.014845670916031395,0.7612208769859474,0.014845670916031395,0.7612208769859474,-0.05737097532653479,0.7831716371552861,-0.05737097532653479,0.7831716371552861,0.014845670916031395,0.7612208769859474,0.014845670916031395,0.7612208769859474,-1.1819118197608702,0.7336216658762389,-1.1819118197608702,0.7336216658762389,-1.2132491152845546,0.7121759096105349,-1.2132491152845546,0.7121759096105349,-1.1819118197608702,0.7336216658762389,-1.1819118197608702,0.7336216658762389,-1.2132491152845546,0.7121759096105349,-1.2132491152845546,0.7121759096105349
22,59341.21367809966,-2.0377851814468215,0.7946433369876241,-2.0377851814468215,0.7946433369876241,-2.7235852262692504,0.7745118486410365,-2.7235852262692504,0.7745118486410365,-2.0377851814468215,0.7946433369876241,-2.0377851814468215,0.7946433369876241,-2.7235852262692504,0.7745118486410365,-2.7235852262692504,0.7745118486410365,-3.339046526921834,0.802508914640708,-3.339046526921834,0.802508914640708,-3.587372982881618,0.7828652659720917,-3.587372982881618,0.7828652659720917,-3.339046526921834,0.802508914640708,-3.339046526921834,0.802508914640708,-3.587372982881618,0.7828652659720917,-3.587372982881618,0.7828652659720917,-1.1115559385363554,0.779639046399487,-1.1115559385363554,0.779639046399487,-1.0828949979241713,0.7578868060848535,-1.0828949979241713,0.7578868060848535,-1.1115559385363554,0.779639046399487,-1.1115559385363554,0.779639046399487,-1.0828949979241713,0.7578868060848535,-1.0828949979241713,0.7578868060848535,-2.463530401264137,0.7320123174677873,-2.463530401264137,0.7320123174677873,-2.6137700764786302,0.7106598259138989,-2.6137700764786302,0.7106598259138989,-2.463530401264137,0.7320123174677873,-2.463530401264137,0.7320123174677873,-2.6137700764786302,0.7106598259138989,-2.6137700764786302,0.7106598259138989
23,59341.21630215596,-0.6739433774055215,0.795736188461721,-0.6739433774055215,0.795736188461721,-1.2815505810678758,0.7755939743237656,-1.2815505810678758,0.7755939743237656,-0.6739433774055215,0.795736188461721,-0.6739433774055215,0.795736188461721,-1.2815505810678758,0.7755939743237656,-1.2815505810678758,0.7755939743237656,-2.351261976143604,0.8042426451934199,-2.351261976143604,0.8042426451934199,-2.4088825995969785,0.7844720126693826,-2.4088825995969785,0.7844720126693826,-2.351261976143604,0.8042426451934199,-2.351261976143604,0.8042426451934199,-2.4088825995969785,0.7844720126693826,-2.4088825995969785,0.7844720126693826,-0.6462041797345819,0.7806265215081708,-0.6462041797345819,0.7806265215081708,-0.4619204709377982,0.7588646005689569,-0.4619204709377982,0.7588646005689569,-0.6462041797345819,0.7806265215081708,-0.6462041797345819,0.7806265215081708,-0.4619204709377982,0.7588646005689569,-0.4619204709377982,0.7588646005689569,-2.274010141793383,0.7326681687811761,-2.274010141793383,0.7326681687811761,-2.252979451004137,0.7113051327732657,-2.252979451004137,0.7113051327732657,-2.274010141793383,0.7326681687811761,-2.274010141793383,0.7326681687811761,-2.252979451004137,0.7113051327732657,-2.252979451004137,0.7113051327732657
24,59342.21308496406,2.2302162520494164,0.7978962629421406,2.2302162520494164,0.7978962629421406,1.4715048675652156,0.7780738365518525,1.4715048675652156,0.7780738365518525,2.2302162520494164,0.7978962629421406,2.2302162520494164,0.7978962629421406,1.4715048675652156,0.7780738365518525,1.4715048675652156,0.7780738365518525,-0.563184533845515,0.7987546760438942,-0.563184533845515,0.7987546760438942,-0.7973652596949989,0.7795538276730721,-0.7973652596949989,0.7795538276730721,-0.563184533845515,0.7987546760438942,-0.563184533845515,0.7987546760438942,-0.7973652596949989,0.7795538276730721,-0.7973652596949989,0.7795538276730721,3.9406878863605925,0.7814699479140026,3.9406878863605925,0.7814699479140026,4.137276265342223,0.7595924015051925,4.137276265342223,0.7595924015051925,3.9406878863605925,0.7814699479140026,3.9406878863605925,0.7814699479140026,4.137276265342223,0.7595924015051925,4.137276265342223,0.7595924015051925,3.1564983047952637,0.732170962643047,3.1564983047952637,0.732170962643047,3.245279788407629,0.7107389982233332,3.245279788407629,0.7107389982233332,3.1564983047952637,0.732170962643047,3.1564983047952637,0.732170962643047,3.245279788407629,0.7107389982233332,3.245279788407629,0.7107389982233332
25,59342.21586830399,3.5577519661297856,0.7968395481209285,3.5577519661297856,0.7968395481209285,2.719539382111634,0.7770135302373301,2.719539382111634,0.7770135302373301,3.5577519661297856,0.7968395481209285,3.5577519661297856,0.7968395481209285,2.719539382111634,0.7770135302373301,2.719539382111634,0.7770135302373301,1.7049097855436628,0.8007386613418308,1.7049097855436628,0.8007386613418308,1.3158170896482488,0.7814762101616723,1.3158170896482488,0.7814762101616723,1.7049097855436628,0.8007386613418308,1.7049097855436628,0.8007386613418308,1.3158170896482488,0.7814762101616723,1.3158170896482488,0.7814762101616723,5.1350280318903,0.7823630473206173,5.1350280318903,0.7823630473206173,5.155062797839122,0.7606061038666092,5.155062797839122,0.7606061038666092,5.1350280318903,0.7823630473206173,5.1350280318903,0.7823630473206173,5.155062797839122,0.7606061038666092,5.155062797839122,0.7606061038666092,3.9079767286312403,0.7331526893516315,3.9079767286312403,0.7331526893516315,3.8619812339372572,0.7117816464216958,3.8619812339372572,0.7117816464216958,3.9079767286312403,0.7331526893516315,3.9079767286312403,0.7331526893516315,3.8619812339372572,0.7117816464216958,3.8619812339372572,0.7117816464216958
26,59342.2185822753,2.9539274021280733,0.7975489205622796,2.9539274021280733,0.7975489205622796,2.138933688167185,0.7776271535666098,2.138933688167185,0.7776271535666098,2.9539274021280733,0.7975489205622796,2.9539274021280733,0.7975489205622796,2.138933688167185,0.7776271535666098,2.138933688167185,0.7776271535666098,1.2693781929407635,0.8011970868727056,1.2693781929407635,0.8011970868727056,0.9102409371330396,0.7818951097156535,0.9102409371330396,0.7818951097156535,1.2693781929407635,0.8011970868727056,1.2693781929407635,0.8011970868727056,0.9102409371330396,0.7818951097156535,0.9102409371330396,0.7818951097156535,4.140247128326365,0.7816216703176242,4.140247128326365,0.7816216703176242,4.16304220267844,0.7598908667847535,4.16304220267844,0.7598908667847535,4.140247128326365,0.7816216703176242,4.140247128326365,0.7816216703176242,4.16304220267844,0.7598908667847535,4.16304220267844,0.7598908667847535,3.496383544214183,0.732694622723321,3.496383544214183,0.732694622723321,3.4365214702923197,0.7114696842900629,3.4365214702923197,0.7114696842900629,3.496383544214183,0.732694622723321,3.496383544214183,0.732694622723321,3.4365214702923197,0.7114696842900629,3.4365214702923197,0.7114696842900629
27,59345.35004905376,-1.7011632101321084,0.8684084399874358,-1.7011632101321084,0.8684084399874358,-0.8582665472476094,0.8467282732876839,-0.8582665472476094,0.8467282732876839,-1.7011632101321084,0.8684084399874358,-1.7011632101321084,0.8684084399874358,-0.8582665472476094,0.8467282732876839,-0.8582665472476094,0.8467282732876839,0.08619899601612246,0.8534877830129443,0.08619899601612246,0.8534877830129443,-0.0735355225664307,0.8314811209186537,-0.0735355225664307,0.8314811209186537,0.08619899601612246,0.8534877830129443,0.08619899601612246,0.8534877830129443,-0.0735355225664307,0.8314811209186537,-0.0735355225664307,0.8314811209186537,2.4239982310288326,0.804798294461448,2.4239982310288326,0.804798294461448,2.5779973305710087,0.7836921164621218,2.5779973305710087,0.7836921164621218,2.4239982310288326,0.804798294461448,2.4239982310288326,0.804798294461448,2.5779973305710087,0.7836921164621218,2.5779973305710087,0.7836921164621218,5.8295715244009045,0.802231763533314,5.8295715244009045,0.802231763533314,6.542482312301445,0.7778817334442728,6.542482312301445,0.7778817334442728,5.8295715244009045,0.802231763533314,5.8295715244009045,0.802231763533314,6.542482312301445,0.7778817334442728,6.542482312301445,0.7778817334442728
28,59345.35239078661,-4.58136406410523,0.8662919896816502,-4.58136406410523,0.8662919896816502,-3.735299247505708,0.8445503072716147,-3.735299247505708,0.8445503072716147,-4.58136406410523,0.8662919896816502,-4.58136406410523,0.8662919896816502,-3.735299247505708,0.8445503072716147,-3.735299247505708,0.8445503072716147,-0.8347294219917387,0.8516887488342907,-0.8347294219917387,0.8516887488342907,-1.0876719522034932,0.8296220224091855,-1.0876719522034932,0.8296220224091855,-0.8347294219917387,0.8516887488342907,-0.8347294219917387,0.8516887488342907,-1.0876719522034932,0.8296220224091855,-1.0876719522034932,0.8296220224091855,4.595942735638403,0.8033597506303815,4.595942735638403,0.8033597506303815,4.598935753954663,0.7823939008176728,4.598935753954663,0.7823939008176728,4.595942735638403,0.8033597506303815,4.595942735638403,0.8033597506303815,4.598935753954663,0.7823939008176728,4.598935753954663,0.7823939008176728,7.585917470911994,0.7984105120830585,7.585917470911994,0.7984105120830585,8.144782309137298,0.7743021312776354,8.144782309137298,0.7743021312776354,7.585917470911994,0.7984105120830585,7.585917470911994,0.7984105120830585,8.144782309137298,0.7743021312776354,8.144782309137298,0.7743021312776354
29,59345.3584592873,-0.03401577163887737,0.8587277084298732,-0.03401577163887737,0.8587277084298732,-1.5044964326842205,0.8373513111102935,-1.5044964326842205,0.8373513111102935,-0.03401577163887737,0.8587277084298732,-0.03401577163887737,0.8587277084298732,-1.5044964326842205,0.8373513111102935,-1.5044964326842205,0.8373513111102935,-3.327258393018525,0.8490220475415676,-3.327258393018525,0.8490220475415676,-3.9690426861288586,0.8271681377564194,-3.9690426861288586,0.8271681377564194,-3.327258393018525,0.8490220475415676,-3.327258393018525,0.8490220475415676,-3.9690426861288586,0.8271681377564194,-3.9690426861288586,0.8271681377564194,0.9692672360789629,0.8003938957046164,0.9692672360789629,0.8003938957046164,0.9283020694777804,0.7797149044159564,0.9283020694777804,0.7797149044159564,0.9692672360789629,0.8003938957046164,0.9692672360789629,0.8003938957046164,0.9283020694777804,0.7797149044159564,0.9283020694777804,0.7797149044159564,6.21229373025443,0.7945628633083698,6.21229373025443,0.7945628633083698,6.799019045688141,0.7707163697027823,6.799019045688141,0.7707163697027823,6.21229373025443,0.7945628633083698,6.21229373025443,0.7945628633083698,6.799019045688141,0.7707163697027823,6.799019045688141,0.7707163697027823
30,59346.17051547903,0.6002659839763282,0.870776013772606,0.6002659839763282,0.870776013772606,-0.2887580841142494,0.8492393302511421,-0.2887580841142494,0.8492393302511421,0.6002659839763282,0.870776013772606,0.6002659839763282,0.870776013772606,-0.2887580841142494,0.8492393302511421,-0.2887580841142494,0.8492393302511421,-0.5190085120959793,0.8576366329669389,-0.5190085120959793,0.8576366329669389,-0.9743068390554868,0.8368000736639034,-0.9743068390554868,0.8368000736639034,-0.5190085120959793,0.8576366329669389,-0.5190085120959793,0.8576366329669389,-0.9743068390554868,0.8368000736639034,-0.9743068390554868,0.8368000736639034,4.79145459575102,0.8462891726665567,4.79145459575102,0.8462891726665567,4.846938089145425,0.8224999279314593,4.846938089145425,0.8224999279314593,4.79145459575102,0.8462891726665567,4.79145459575102,0.8462891726665567,4.846938089145425,0.8224999279314593,4.846938089145425,0.8224999279314593,4.206038479645514,0.7990777022708978,4.206038479645514,0.7990777022708978,4.238577716280815,0.7754544117646246,4.238577716280815,0.7754544117646246,4.206038479645514,0.7990777022708978,4.206038479645514,0.7990777022708978,4.238577716280815,0.7754544117646246,4.238577716280815,0.7754544117646246
31,59346.17288502536,1.0878732077701727,0.869061534738063,1.0878732077701727,0.869061534738063,-0.27155230503402095,0.8472768407629472,-0.27155230503402095,0.8472768407629472,1.0878732077701727,0.869061534738063,1.0878732077701727,0.869061534738063,-0.27155230503402095,0.8472768407629472,-0.27155230503402095,0.8472768407629472,-0.38338016371943695,0.8576986173250353,-0.38338016371943695,0.8576986173250353,-1.1608353804968203,0.8368515867834339,-1.1608353804968203,0.8368515867834339,-0.38338016371943695,0.8576986173250353,-0.38338016371943695,0.8576986173250353,-1.1608353804968203,0.8368515867834339,-1.1608353804968203,0.8368515867834339,4.4510738815378375,0.8453496919332145,4.4510738815378375,0.8453496919332145,4.2548226286104125,0.8216496863815889,4.2548226286104125,0.8216496863815889,4.4510738815378375,0.8453496919332145,4.4510738815378375,0.8453496919332145,4.2548226286104125,0.8216496863815889,4.2548226286104125,0.8216496863815889,3.263558413272392,0.798699996640759,3.263558413272392,0.798699996640759,3.1020554566770784,0.7752423938535103,3.1020554566770784,0.7752423938535103,3.263558413272392,0.798699996640759,3.263558413272392,0.798699996640759,3.1020554566770784,0.7752423938535103,3.1020554566770784,0.7752423938535103
32,59346.17761219663,2.026876794422634,0.8688341944982771,2.026876794422634,0.8688341944982771,0.9038160891109044,0.8470319320086894,0.9038160891109044,0.8470319320086894,2.026876794422634,0.8688341944982771,2.026876794422634,0.8688341944982771,0.9038160891109044,0.8470319320086894,0.9038160891109044,0.8470319320086894,1.0346570821332932,0.8601097820564585,1.0346570821332932,0.8601097820564585,0.5226542747015515,0.8393241020343493,0.5226542747015515,0.8393241020343493,1.0346570821332932,0.8601097820564585,1.0346570821332932,0.8601097820564585,0.5226542747015515,0.8393241020343493,0.5226542747015515,0.8393241020343493,5.299049129515083,0.8452136889912963,5.299049129515083,0.8452136889912963,5.231753757622528,0.8215404512394895,5.231753757622528,0.8215404512394895,5.299049129515083,0.8452136889912963,5.299049129515083,0.8452136889912963,5.231753757622528,0.8215404512394895,5.231753757622528,0.8215404512394895,4.037746435763665,0.799121861957245,4.037746435763665,0.799121861957245,3.8456304978488447,0.7756837222895197,3.8456304978488447,0.7756837222895197,4.037746435763665,0.799121861957245,4.037746435763665,0.799121861957245,3.8456304978488447,0.7756837222895197,3.8456304978488447,0.7756837222895197
33,59347.29111845975,-2.7450351299744113,0.9075274683822481,-2.7450351299744113,0.9075274683822481,-1.9895667232941605,0.8829234235731265,-1.9895667232941605,0.8829234235731265,-2.7450351299744113,0.9075274683822481,-2.7450351299744113,0.9075274683822481,-1.9895667232941605,0.8829234235731265,-1.9895667232941605,0.8829234235731265,-0.07677745450857287,0.9017278131209616,-0.07677745450857287,0.9017278131209616,0.10328704474329697,0.8791210745905175,0.10328704474329697,0.8791210745905175,-0.07677745450857287,0.9017278131209616,-0.07677745450857287,0.9017278131209616,0.10328704474329697,0.8791210745905175,0.10328704474329697,0.8791210745905175,-6.23519646600991,0.8476778296327017,-6.23519646600991,0.8476778296327017,-5.903335425010056,0.8250036008067565,-5.903335425010056,0.8250036008067565,-6.23519646600991,0.8476778296327017,-6.23519646600991,0.8476778296327017,-5.903335425010056,0.8250036008067565,-5.903335425010056,0.8250036008067565,-5.634785784069635,0.8320744510366198,-5.634785784069635,0.8320744510366198,-5.647482575603732,0.8069116148813154,-5.647482575603732,0.8069116148813154,-5.634785784069635,0.8320744510366198,-5.634785784069635,0.8320744510366198,-5.647482575603732,0.8069116148813154,-5.647482575603732,0.8069116148813154
34,59347.2961233719,-1.093741031363237,0.9135019700872008,-1.093741031363237,0.9135019700872008,0.036146998103532724,0.889054901898295,0.036146998103532724,0.889054901898295,-1.093741031363237,0.9135019700872008,-1.093741031363237,0.9135019700872008,0.036146998103532724,0.889054901898295,0.036146998103532724,0.889054901898295,0.6094849195745269,0.9070739610639075,0.6094849195745269,0.9070739610639075,1.000121801738942,0.883864684008908,1.000121801738942,0.883864684008908,0.6094849195745269,0.9070739610639075,0.6094849195745269,0.9070739610639075,1.000121801738942,0.883864684008908,1.000121801738942,0.883864684008908,-5.809753124044761,0.8504623550700072,-5.809753124044761,0.8504623550700072,-5.345002126666174,0.8275343242594962,-5.345002126666174,0.8275343242594962,-5.809753124044761,0.8504623550700072,-5.809753124044761,0.8504623550700072,-5.345002126666174,0.8275343242594962,-5.345002126666174,0.8275343242594962,-4.677167447684582,0.8372775456189964,-4.677167447684582,0.8372775456189964,-4.624518469515493,0.8120048547228683,-4.624518469515493,0.8120048547228683,-4.677167447684582,0.8372775456189964,-4.677167447684582,0.8372775456189964,-4.624518469515493,0.8120048547228683,-4.624518469515493,0.8120048547228683
35,59347.31100230755,2.739515851977984,0.9156645636997007,2.739515851977984,0.9156645636997007,2.9163706589756657,0.8917088928419412,2.9163706589756657,0.8917088928419412,2.739515851977984,0.9156645636997007,2.739515851977984,0.9156645636997007,2.9163706589756657,0.8917088928419412,2.9163706589756657,0.8917088928419412,-5.963857301713176,0.9035151917706216,-5.963857301713176,0.9035151917706216,-6.722533433790403,0.8804963088225386,-6.722533433790403,0.8804963088225386,-5.963857301713176,0.9035151917706216,-5.963857301713176,0.9035151917706216,-6.722533433790403,0.8804963088225386,-6.722533433790403,0.8804963088225386,-7.336186886538087,0.847856889915878,-7.336186886538087,0.847856889915878,-7.517233700721789,0.8251771984789109,-7.517233700721789,0.8251771984789109,-7.336186886538087,0.847856889915878,-7.336186886538087,0.847856889915878,-7.517233700721789,0.8251771984789109,-7.517233700721789,0.8251771984789109,-0.7352848150556781,0.8442633357287355,-0.7352848150556781,0.8442633357287355,-0.9886133066234208,0.8186499208612344,-0.9886133066234208,0.8186499208612344,-0.7352848150556781,0.8442633357287355,-0.7352848150556781,0.8442633357287355,-0.9886133066234208,0.8186499208612344,-0.9886133066234208,0.8186499208612344
36,59348.28765109878,0.8503566764190396,0.8821093159757274,0.8503566764190396,0.8821093159757274,1.587462989330703,0.8583501092916814,1.587462989330703,0.8583501092916814,0.8503566764190396,0.8821093159757274,0.8503566764190396,0.8821093159757274,1.587462989330703,0.8583501092916814,1.587462989330703,0.8583501092916814,5.18863477673932,0.8671285648843943,5.18863477673932,0.8671285648843943,5.3735655944142025,0.8455385214837705,5.3735655944142025,0.8455385214837705,5.18863477673932,0.8671285648843943,5.18863477673932,0.8671285648843943,5.3735655944142025,0.8455385214837705,5.3735655944142025,0.8455385214837705,-1.3223711458585967,0.8154940697480063,-1.3223711458585967,0.8154940697480063,-0.9236616153803823,0.7939094905029433,-0.9236616153803823,0.7939094905029433,-1.3223711458585967,0.8154940697480063,-1.3223711458585967,0.8154940697480063,-0.9236616153803823,0.7939094905029433,-0.9236616153803823,0.7939094905029433,-2.2520592637687855,0.8014826902150587,-2.2520592637687855,0.8014826902150587,-2.0950609962895044,0.7774346843308233,-2.0950609962895044,0.7774346843308233,-2.2520592637687855,0.8014826902150587,-2.2520592637687855,0.8014826902150587,-2.0950609962895044,0.7774346843308233,-2.0950609962895044,0.7774346843308233
37,59348.29017782721,-1.5827873869615416,0.8810131523946004,-1.5827873869615416,0.8810131523946004,-0.5294874356217747,0.8571817645764678,-0.5294874356217747,0.8571817645764678,-1.5827873869615416,0.8810131523946004,-1.5827873869615416,0.8810131523946004,-0.5294874356217747,0.8571817645764678,-0.5294874356217747,0.8571817645764678,1.7527781756421632,0.8684799292256189,1.7527781756421632,0.8684799292256189,2.1845486747432687,0.8467734072064682,2.1845486747432687,0.8467734072064682,1.7527781756421632,0.8684799292256189,1.7527781756421632,0.8684799292256189,2.1845486747432687,0.8467734072064682,2.1845486747432687,0.8467734072064682,-4.621438408238134,0.8169730011471732,-4.621438408238134,0.8169730011471732,-3.9790535528808846,0.7953042207912873,-3.9790535528808846,0.7953042207912873,-4.621438408238134,0.8169730011471732,-4.621438408238134,0.8169730011471732,-3.9790535528808846,0.7953042207912873,-3.9790535528808846,0.7953042207912873,-3.995074911721872,0.8041857495043259,-3.995074911721872,0.8041857495043259,-3.7161213188311137,0.7799919466785348,-3.7161213188311137,0.7799919466785348,-3.995074911721872,0.8041857495043259,-3.995074911721872,0.8041857495043259,-3.7161213188311137,0.7799919466785348,-3.7161213188311137,0.7799919466785348
38,59348.29268077386,-0.3451717212760457,0.8833083922788189,-0.3451717212760457,0.8833083922788189,0.9690585967304912,0.8597201010592221,0.9690585967304912,0.8597201010592221,-0.3451717212760457,0.8833083922788189,-0.3451717212760457,0.8833083922788189,0.9690585967304912,0.8597201010592221,0.9690585967304912,0.8597201010592221,4.605618335618544,0.8713289853299588,4.605618335618544,0.8713289853299588,5.083903043200365,0.8490488377650233,5.083903043200365,0.8490488377650233,4.605618335618544,0.8713289853299588,4.605618335618544,0.8713289853299588,5.083903043200365,0.8490488377650233,5.083903043200365,0.8490488377650233,-1.9941110185138484,0.8189262647839538,-1.9941110185138484,0.8189262647839538,-1.3967690460316362,0.7968638574024497,-1.3967690460316362,0.7968638574024497,-1.9941110185138484,0.8189262647839538,-1.9941110185138484,0.8189262647839538,-1.3967690460316362,0.7968638574024497,-1.3967690460316362,0.7968638574024497,0.2231966565841219,0.8071256102115991,0.2231966565841219,0.8071256102115991,0.4437897679749767,0.78290132981178,0.4437897679749767,0.78290132981178,0.2231966565841219,0.8071256102115991,0.2231966565841219,0.8071256102115991,0.4437897679749767,0.78290132981178,0.4437897679749767,0.78290132981178
39,59349.12162757104,2.2936408041830703,0.8340792082094189,2.2936408041830703,0.8340792082094189,1.0749701045295978,0.8139400831932682,1.0749701045295978,0.8139400831932682,2.2936408041830703,0.8340792082094189,2.2936408041830703,0.8340792082094189,1.0749701045295978,0.8139400831932682,1.0749701045295978,0.8139400831932682,-0.394384434746911,0.8084770909174358,-0.394384434746911,0.8084770909174358,-1.0468794981285328,0.7889816635910124,-1.0468794981285328,0.7889816635910124,-0.394384434746911,0.8084770909174358,-0.394384434746911,0.8084770909174358,-1.0468794981285328,0.7889816635910124,-1.0468794981285328,0.7889816635910124,6.150462866233653,0.8049999520302641,6.150462866233653,0.8049999520302641,6.1366069480789065,0.7828496440320825,6.1366069480789065,0.7828496440320825,6.150462866233653,0.8049999520302641,6.150462866233653,0.8049999520302641,6.1366069480789065,0.7828496440320825,6.1366069480789065,0.7828496440320825,7.025142002203751,0.7566470003832135,7.025142002203751,0.7566470003832135,7.189169010342454,0.7339874407372757,7.189169010342454,0.7339874407372757,7.025142002203751,0.7566470003832135,7.025142002203751,0.7566470003832135,7.189169010342454,0.7339874407372757,7.189169010342454,0.7339874407372757
40,59349.12692110192,0.2965639746545321,0.8325241793985521,0.2965639746545321,0.8325241793985521,-0.8716631221988393,0.812185120216901,-0.8716631221988393,0.812185120216901,0.2965639746545321,0.8325241793985521,0.2965639746545321,0.8325241793985521,-0.8716631221988393,0.812185120216901,-0.8716631221988393,0.812185120216901,-1.574637846927459,0.8128914759076397,-1.574637846927459,0.8128914759076397,-2.200574141914643,0.7932955401676975,-2.200574141914643,0.7932955401676975,-1.574637846927459,0.8128914759076397,-1.574637846927459,0.8128914759076397,-2.200574141914643,0.7932955401676975,-2.200574141914643,0.7932955401676975,4.475830399429924,0.8074378606295378,4.475830399429924,0.8074378606295378,4.490385209661895,0.7850428029996045,4.490385209661895,0.7850428029996045,4.475830399429924,0.8074378606295378,4.475830399429924,0.8074378606295378,4.490385209661895,0.7850428029996045,4.490385209661895,0.7850428029996045,5.481252445502804,0.75674479383407,5.481252445502804,0.75674479383407,5.616155022447259,0.7340703911171202,5.616155022447259,0.7340703911171202,5.481252445502804,0.75674479383407,5.481252445502804,0.75674479383407,5.616155022447259,0.7340703911171202,5.616155022447259,0.7340703911171202
41,59349.12955011425,1.1824666458118998,0.8331871404550333,1.1824666458118998,0.8331871404550333,-0.036146998103532724,0.8127696785223619,-0.036146998103532724,0.8127696785223619,1.1824666458118998,0.8331871404550333,1.1824666458118998,0.8331871404550333,-0.036146998103532724,0.8127696785223619,-0.036146998103532724,0.8127696785223619,0.016510579785546042,0.8159276212761393,0.016510579785546042,0.8159276212761393,-0.7597416408293611,0.7962626341889912,-0.7597416408293611,0.7962626341889912,0.016510579785546042,0.8159276212761393,0.016510579785546042,0.8159276212761393,-0.7597416408293611,0.7962626341889912,-0.7597416408293611,0.7962626341889912,5.948047551988537,0.809974643052968,5.948047551988537,0.809974643052968,5.758787822093296,0.7875655218283116,5.758787822093296,0.7875655218283116,5.948047551988537,0.809974643052968,5.948047551988537,0.809974643052968,5.758787822093296,0.7875655218283116,5.758787822093296,0.7875655218283116,5.837151246032249,0.7589036240869834,5.837151246032249,0.7589036240869834,5.803871074993708,0.736250427261814,5.803871074993708,0.736250427261814,5.837151246032249,0.7589036240869834,5.837151246032249,0.7589036240869834,5.803871074993708,0.736250427261814,5.803871074993708,0.736250427261814
42,59350.30405729494,-0.06923802579188987,0.8605065444321285,-0.06923802579188987,0.8605065444321285,0.28985419045017125,0.839420868449479,0.28985419045017125,0.839420868449479,-0.06923802579188987,0.8605065444321285,-0.06923802579188987,0.8605065444321285,0.28985419045017125,0.839420868449479,0.28985419045017125,0.839420868449479,-3.1727017407066853,0.8398023081432351,-3.1727017407066853,0.8398023081432351,-3.673554459255797,0.8180305000378205,-3.673554459255797,0.8180305000378205,-3.1727017407066853,0.8398023081432351,-3.1727017407066853,0.8398023081432351,-3.673554459255797,0.8180305000378205,-3.673554459255797,0.8180305000378205,-1.5151708174323346,0.7952073629734713,-1.5151708174323346,0.7952073629734713,-1.4073250335073055,0.7744268937909289,-1.4073250335073055,0.7744268937909289,-1.5151708174323346,0.7952073629734713,-1.5151708174323346,0.7952073629734713,-1.4073250335073055,0.7744268937909289,-1.4073250335073055,0.7744268937909289,3.650358826902334,0.7876266706394524,3.650358826902334,0.7876266706394524,4.279824700427611,0.7642051682680666,4.279824700427611,0.7642051682680666,3.650358826902334,0.7876266706394524,3.650358826902334,0.7876266706394524,4.279824700427611,0.7642051682680666,4.279824700427611,0.7642051682680666
43,59350.30632513666,0.1988183439069644,0.8585736104615194,0.1988183439069644,0.8585736104615194,-0.782667984327702,0.837097076834754,-0.782667984327702,0.837097076834754,0.1988183439069644,0.8585736104615194,0.1988183439069644,0.8585736104615194,-0.782667984327702,0.837097076834754,-0.782667984327702,0.837097076834754,-4.4680460952041585,0.8368791095144917,-4.4680460952041585,0.8368791095144917,-5.719271143068568,0.8151885234213734,-5.719271143068568,0.8151885234213734,-4.4680460952041585,0.8368791095144917,-4.4680460952041585,0.8368791095144917,-5.719271143068568,0.8151885234213734,-5.719271143068568,0.8151885234213734,-2.182021797874569,0.794227854182706,-2.182021797874569,0.794227854182706,-2.5243504522831586,0.7736007395421619,-2.5243504522831586,0.7736007395421619,-2.182021797874569,0.794227854182706,-2.182021797874569,0.794227854182706,-2.5243504522831586,0.7736007395421619,-2.5243504522831586,0.7736007395421619,4.4867949548531385,0.7848855401928949,4.4867949548531385,0.7848855401928949,4.797705475249984,0.7615275666394171,4.797705475249984,0.7615275666394171,4.4867949548531385,0.7848855401928949,4.4867949548531385,0.7848855401928949,4.797705475249984,0.7615275666394171,4.797705475249984,0.7615275666394171
44,59350.31318482195,0.4444837447924215,0.8574254938223878,0.4444837447924215,0.8574254938223878,-1.8858550726639578,0.8362081433015874,-1.8858550726639578,0.8362081433015874,0.4444837447924215,0.8574254938223878,0.4444837447924215,0.8574254938223878,-1.8858550726639578,0.8362081433015874,-1.8858550726639578,0.8362081433015874,-6.208264231346277,0.8335633555897279,-6.208264231346277,0.8335633555897279,-7.409974687116488,0.8118519665278825,-7.409974687116488,0.8118519665278825,-6.208264231346277,0.8335633555897279,-6.208264231346277,0.8335633555897279,-7.409974687116488,0.8118519665278825,-7.409974687116488,0.8118519665278825,-1.1938515039635718,0.790858607360006,-1.1938515039635718,0.790858607360006,-1.2575964186531792,0.7704609548412452,-1.2575964186531792,0.7704609548412452,-1.1938515039635718,0.790858607360006,-1.1938515039635718,0.790858607360006,-1.2575964186531792,0.7704609548412452,-1.2575964186531792,0.7704609548412452,7.731966834138461,0.7954584225364838,7.731966834138461,0.7954584225364838,8.006506841270891,0.7720134018225748,8.006506841270891,0.7720134018225748,7.731966834138461,0.7954584225364838,7.731966834138461,0.7954584225364838,8.006506841270891,0.7720134018225748,8.006506841270891,0.7720134018225748
45,59351.20284805165,0.8448368918594724,0.8093644777132546,0.8448368918594724,0.8093644777132546,0.8547304995556146,0.7887883376284037,0.8547304995556146,0.7887883376284037,0.8448368918594724,0.8093644777132546,0.8448368918594724,0.8093644777132546,0.8547304995556146,0.7887883376284037,0.8547304995556146,0.7887883376284037,1.7431216736634383,0.8125671829942227,1.7431216736634383,0.8125671829942227,2.035854247869338,0.7923450424341807,2.035854247869338,0.7923450424341807,1.7431216736634383,0.8125671829942227,1.7431216736634383,0.8125671829942227,2.035854247869338,0.7923450424341807,2.035854247869338,0.7923450424341807,-0.4318326642147099,0.7744042992148317,-0.4318326642147099,0.7744042992148317,-0.19236064074402748,0.7532383069238818,-0.19236064074402748,0.7532383069238818,-0.4318326642147099,0.7744042992148317,-0.4318326642147099,0.7744042992148317,-0.19236064074402748,0.7532383069238818,-0.19236064074402748,0.7532383069238818,-1.7391721463121144,0.7377904990423486,-1.7391721463121144,0.7377904990423486,-1.7545461867794359,0.7163188059230988,-1.7545461867794359,0.7163188059230988,-1.7391721463121144,0.7377904990423486,-1.7391721463121144,0.7377904990423486,-1.7545461867794359,0.7163188059230988,-1.7545461867794359,0.7163188059230988
46,59351.20942972412,0.5470322030679995,0.8122378643834326,0.5470322030679995,0.8122378643834326,0.6387340676628241,0.7917918405002203,0.6387340676628241,0.7917918405002203,0.5470322030679995,0.8122378643834326,0.5470322030679995,0.8122378643834326,0.6387340676628241,0.7917918405002203,0.6387340676628241,0.7917918405002203,2.4735375270299187,0.8126996425541149,2.4735375270299187,0.8126996425541149,2.7983004240868183,0.7924322970778208,2.7983004240868183,0.7924322970778208,2.4735375270299187,0.8126996425541149,2.4735375270299187,0.8126996425541149,2.7983004240868183,0.7924322970778208,2.7983004240868183,0.7924322970778208,0.27309075430679286,0.7718404974962285,0.27309075430679286,0.7718404974962285,0.5590822913124498,0.750805531889887,0.5590822913124498,0.750805531889887,0.27309075430679286,0.7718404974962285,0.27309075430679286,0.7718404974962285,0.5590822913124498,0.750805531889887,0.5590822913124498,0.750805531889887,-1.2151616798379337,0.737440819877087,-1.2151616798379337,0.737440819877087,-1.1891296560692979,0.7159487243513478,-1.1891296560692979,0.7159487243513478,-1.2151616798379337,0.737440819877087,-1.2151616798379337,0.737440819877087,-1.1891296560692979,0.7159487243513478,-1.1891296560692979,0.7159487243513478
47,59351.21457134884,1.499102466599794,0.8182431571311166,1.499102466599794,0.8182431571311166,1.6635972135902648,0.7975653654356045,1.6635972135902648,0.7975653654356045,1.499102466599794,0.8182431571311166,1.499102466599794,0.8182431571311166,1.6635972135902648,0.7975653654356045,1.6635972135902648,0.7975653654356045,3.1739471665762835,0.8167690055982375,3.1739471665762835,0.8167690055982375,3.4989158468987682,0.7962977112379246,3.4989158468987682,0.7962977112379246,3.1739471665762835,0.8167690055982375,3.1739471665762835,0.8167690055982375,3.4989158468987682,0.7962977112379246,3.4989158468987682,0.7962977112379246,0.4974118281460562,0.7748912869468563,0.4974118281460562,0.7748912869468563,0.7607341323068795,0.7539030298010204,0.7607341323068795,0.7539030298010204,0.4974118281460562,0.7748912869468563,0.4974118281460562,0.7748912869468563,0.7607341323068795,0.7539030298010204,0.7607341323068795,0.7539030298010204,-1.1686451674655132,0.7417494874772862,-1.1686451674655132,0.7417494874772862,-1.151968573694944,0.7200915239022133,-1.151968573694944,0.7200915239022133,-1.1686451674655132,0.7417494874772862,-1.1686451674655132,0.7417494874772862,-1.151968573694944,0.7200915239022133,-1.151968573694944,0.7200915239022133
48,59352.10040012186,-2.6064838633480463,0.8225464055313184,-2.6064838633480463,0.8225464055313184,-4.517756097658861,0.8034363175190764,-4.517756097658861,0.8034363175190764,-2.6064838633480463,0.8225464055313184,-2.6064838633480463,0.8225464055313184,-4.517756097658861,0.8034363175190764,-4.517756097658861,0.8034363175190764,-6.574610955122267,0.7750809628483096,-6.574610955122267,0.7750809628483096,-7.6688162512727445,0.7558827165439467,-7.6688162512727445,0.7558827165439467,-6.574610955122267,0.7750809628483096,-6.574610955122267,0.7750809628483096,-7.6688162512727445,0.7558827165439467,-7.6688162512727445,0.7558827165439467,-0.31984952781428433,0.7637371251057281,-0.31984952781428433,0.7637371251057281,-0.34249676967397136,0.7434611534579921,-0.34249676967397136,0.7434611534579921,-0.31984952781428433,0.7637371251057281,-0.31984952781428433,0.7637371251057281,-0.34249676967397136,0.7434611534579921,-0.34249676967397136,0.7434611534579921,6.101112463481002,0.7330805720088193,6.101112463481002,0.7330805720088193,6.364718494267805,0.7114228824007844,6.364718494267805,0.7114228824007844,6.101112463481002,0.7330805720088193,6.101112463481002,0.7330805720088193,6.364718494267805,0.7114228824007844,6.364718494267805,0.7114228824007844
49,59352.1029864717,-2.675959643416064,0.8221454612376546,-2.675959643416064,0.8221454612376546,-4.505068293477024,0.8028762910256645,-4.505068293477024,0.8028762910256645,-2.675959643416064,0.8221454612376546,-2.675959643416064,0.8221454612376546,-4.505068293477024,0.8028762910256645,-4.505068293477024,0.8028762910256645,-6.299046429865172,0.7761121736359443,-6.299046429865172,0.7761121736359443,-7.265963137132786,0.7569243230107443,-7.265963137132786,0.7569243230107443,-6.299046429865172,0.7761121736359443,-6.299046429865172,0.7761121736359443,-7.265963137132786,0.7569243230107443,-7.265963137132786,0.7569243230107443,0.1865242862771197,0.7646080220704342,0.1865242862771197,0.7646080220704342,0.22140383539121444,0.7441701220280279,0.22140383539121444,0.7441701220280279,0.1865242862771197,0.7646080220704342,0.1865242862771197,0.7646080220704342,0.22140383539121444,0.7441701220280279,0.22140383539121444,0.7441701220280279,5.904008096237135,0.7332951639210583,5.904008096237135,0.7332951639210583,6.176743822643061,0.7115157253440432,6.176743822643061,0.7115157253440432,5.904008096237135,0.7332951639210583,5.904008096237135,0.7332951639210583,6.176743822643061,0.7115157253440432,6.176743822643061,0.7115157253440432
50,59352.11193241829,-0.6473300287920267,0.820484131827839,-0.6473300287920267,0.820484131827839,-2.412670861267543,0.8013217999280042,-2.412670861267543,0.8013217999280042,-0.6473300287920267,0.820484131827839,-0.6473300287920267,0.820484131827839,-2.412670861267543,0.8013217999280042,-2.412670861267543,0.8013217999280042,-4.533057351470518,0.7775205622246459,-4.533057351470518,0.7775205622246459,-5.5946481192098645,0.7584059659046142,-5.5946481192098645,0.7584059659046142,-4.533057351470518,0.7775205622246459,-4.533057351470518,0.7775205622246459,-5.5946481192098645,0.7584059659046142,-5.5946481192098645,0.7584059659046142,1.8188560105519684,0.7670498962068448,1.8188560105519684,0.7670498962068448,1.6977974201478503,0.7465267075503547,1.6977974201478503,0.7465267075503547,1.8188560105519684,0.7670498962068448,1.8188560105519684,0.7670498962068448,1.6977974201478503,0.7465267075503547,1.6977974201478503,0.7465267075503547,6.626472699966342,0.7322167278859409,6.626472699966342,0.7322167278859409,6.792462051551922,0.7104733424056068,6.792462051551922,0.7104733424056068,6.626472699966342,0.7322167278859409,6.626472699966342,0.7322167278859409,6.792462051551922,0.7104733424056068,6.792462051551922,0.7104733424056068
51,59353.25629655828,-0.1464993904166647,0.8884618730431403,-0.1464993904166647,0.8884618730431403,0.16440977341142116,0.8659008758194671,0.16440977341142116,0.8659008758194671,-0.1464993904166647,0.8884618730431403,-0.1464993904166647,0.8884618730431403,0.16440977341142116,0.8659008758194671,0.16440977341142116,0.8659008758194671,1.3129726663063366,0.8870737829488806,1.3129726663063366,0.8870737829488806,1.7611732740090247,0.8646062351649842,1.7611732740090247,0.8646062351649842,1.3129726663063366,0.8870737829488806,1.3129726663063366,0.8870737829488806,1.7611732740090247,0.8646062351649842,1.7611732740090247,0.8646062351649842,-1.1776316292593663,0.847760366224001,-1.1776316292593663,0.847760366224001,-0.8999805216650429,0.824486066162137,-0.8999805216650429,0.824486066162137,-1.1776316292593663,0.847760366224001,-1.1776316292593663,0.847760366224001,-0.8999805216650429,0.824486066162137,-0.8999805216650429,0.824486066162137,-1.4855838864224893,0.8076788518066028,-1.4855838864224893,0.8076788518066028,-1.6150912624852083,0.7838670462790505,-1.6150912624852083,0.7838670462790505,-1.4855838864224893,0.8076788518066028,-1.4855838864224893,0.8076788518066028,-1.6150912624852083,0.7838670462790505,-1.6150912624852083,0.7838670462790505
52,59353.26128689059,-1.660278251276253,0.8916812884574001,-1.660278251276253,0.8916812884574001,-1.2775553994039512,0.869076867082052,-1.2775553994039512,0.869076867082052,-1.660278251276253,0.8916812884574001,-1.660278251276253,0.8916812884574001,-1.2775553994039512,0.869076867082052,-1.2775553994039512,0.869076867082052,-1.191390582010456,0.8893325663999758,-1.191390582010456,0.8893325663999758,-0.7480992509234454,0.8667414866712544,-0.7480992509234454,0.8667414866712544,-1.191390582010456,0.8893325663999758,-1.191390582010456,0.8893325663999758,-0.7480992509234454,0.8667414866712544,-0.7480992509234454,0.8667414866712544,-3.851515165237231,0.8490048039904053,-3.851515165237231,0.8490048039904053,-3.5775288360534603,0.8258413363087409,-3.5775288360534603,0.8258413363087409,-3.851515165237231,0.8490048039904053,-3.851515165237231,0.8490048039904053,-3.5775288360534603,0.8258413363087409,-3.5775288360534603,0.8258413363087409,-4.270460286969183,0.8093668137862818,-4.270460286969183,0.8093668137862818,-4.473190039522478,0.7853608678449082,-4.473190039522478,0.7853608678449082,-4.270460286969183,0.8093668137862818,-4.270460286969183,0.8093668137862818,-4.473190039522478,0.7853608678449082,-4.473190039522478,0.7853608678449082
53,59353.27357096595,-0.4353102584207136,0.9084865164215871,-0.4353102584207136,0.9084865164215871,0.05842485257178964,0.8851074730018278,0.05842485257178964,0.8851074730018278,-0.4353102584207136,0.9084865164215871,-0.4353102584207136,0.9084865164215871,0.05842485257178964,0.8851074730018278,0.05842485257178964,0.8851074730018278,0.38846296574604366,0.9056774326973729,0.38846296574604366,0.9056774326973729,0.8926509263616538,0.8827489083625598,0.8926509263616538,0.8827489083625598,0.38846296574604366,0.9056774326973729,0.38846296574604366,0.9056774326973729,0.8926509263616538,0.8827489083625598,0.8926509263616538,0.8827489083625598,-3.420587930701629,0.8597858261286258,-3.420587930701629,0.8597858261286258,-3.1983861253109183,0.8362998673742152,-3.1983861253109183,0.8362998673742152,-3.420587930701629,0.8597858261286258,-3.420587930701629,0.8597858261286258,-3.1983861253109183,0.8362998673742152,-3.1983861253109183,0.8362998673742152,-3.67797213991949,0.8239416493857908,-3.67797213991949,0.8239416493857908,-3.9040133020638734,0.7994340563483604,-3.9040133020638734,0.7994340563483604,-3.67797213991949,0.8239416493857908,-3.67797213991949,0.8239416493857908,-3.9040133020638734,0.7994340563483604,-3.9040133020638734,0.7994340563483604
54,59354.28149568893,5.669750704684844,0.896241157621992,5.669750704684844,0.896241157621992,5.21406020558959,0.8735046313676567,5.21406020558959,0.8735046313676567,5.669750704684844,0.896241157621992,5.669750704684844,0.896241157621992,5.21406020558959,0.8735046313676567,5.21406020558959,0.8735046313676567,4.757428147737471,0.8915803195325845,4.757428147737471,0.8915803195325845,4.62928007831681,0.8696171610666845,4.62928007831681,0.8696171610666845,4.757428147737471,0.8915803195325845,4.757428147737471,0.8915803195325845,4.62928007831681,0.8696171610666845,4.62928007831681,0.8696171610666845,5.230371364414708,0.8695874417735941,5.230371364414708,0.8695874417735941,4.985667529112106,0.8455294237310519,4.985667529112106,0.8455294237310519,5.230371364414708,0.8695874417735941,5.230371364414708,0.8695874417735941,4.985667529112106,0.8455294237310519,4.985667529112106,0.8455294237310519,2.5989653303720957,0.823325857368015,2.5989653303720957,0.823325857368015,2.1070889109068673,0.7991174743440445,2.1070889109068673,0.7991174743440445,2.5989653303720957,0.823325857368015,2.5989653303720957,0.823325857368015,2.1070889109068673,0.7991174743440445,2.1070889109068673,0.7991174743440445
55,59354.29054203953,5.11582447980274,0.9003729404046431,5.11582447980274,0.9003729404046431,4.891225287944025,0.8775552761109454,4.891225287944025,0.8775552761109454,5.11582447980274,0.9003729404046431,5.11582447980274,0.9003729404046431,4.891225287944025,0.8775552761109454,4.891225287944025,0.8775552761109454,4.917280414639691,0.8976654429609903,4.917280414639691,0.8976654429609903,5.2144735565202325,0.875327107023778,5.2144735565202325,0.875327107023778,4.917280414639691,0.8976654429609903,4.917280414639691,0.8976654429609903,5.2144735565202325,0.875327107023778,5.2144735565202325,0.875327107023778,4.464039929160549,0.873352645506917,4.464039929160549,0.873352645506917,4.57257818499275,0.8491694828779773,4.57257818499275,0.8491694828779773,4.464039929160549,0.873352645506917,4.464039929160549,0.873352645506917,4.57257818499275,0.8491694828779773,4.57257818499275,0.8491694828779773,2.2958760084453047,0.825852455935485,2.2958760084453047,0.825852455935485,2.0277011395466786,0.801527703044694,2.0277011395466786,0.801527703044694,2.2958760084453047,0.825852455935485,2.2958760084453047,0.825852455935485,2.0277011395466786,0.801527703044694,2.0277011395466786,0.801527703044694
56,59354.29783479494,5.179621272549895,0.904819167416434,5.179621272549895,0.904819167416434,4.899153134413666,0.8818320442010381,4.899153134413666,0.8818320442010381,5.179621272549895,0.904819167416434,5.179621272549895,0.904819167416434,4.899153134413666,0.8818320442010381,4.899153134413666,0.8818320442010381,5.060602797384661,0.9035330376725526,5.060602797384661,0.9035330376725526,5.328413316085658,0.8809378300985401,5.328413316085658,0.8809378300985401,5.060602797384661,0.9035330376725526,5.060602797384661,0.9035330376725526,5.328413316085658,0.8809378300985401,5.328413316085658,0.8809378300985401,3.5359554975519814,0.8771340540619154,3.5359554975519814,0.8771340540619154,3.5428435632460378,0.8529491591426726,3.5428435632460378,0.8529491591426726,3.5359554975519814,0.8771340540619154,3.5359554975519814,0.8771340540619154,3.5428435632460378,0.8529491591426726,3.5428435632460378,0.8529491591426726,1.7034159227260943,0.8299991422697781,1.7034159227260943,0.8299991422697781,1.3084716307716349,0.8054482137374257,1.3084716307716349,0.8054482137374257,1.7034159227260943,0.8299991422697781,1.7034159227260943,0.8299991422697781,1.3084716307716349,0.8054482137374257,1.3084716307716349,0.8054482137374257
57,59355.14912786938,-2.343937019090248,0.8191329110253749,-2.343937019090248,0.8191329110253749,-1.5721399570257404,0.7981248122849828,-1.5721399570257404,0.7981248122849828,-2.343937019090248,0.8191329110253749,-2.343937019090248,0.8191329110253749,-1.5721399570257404,0.7981248122849828,-1.5721399570257404,0.7981248122849828,0.7531011673657986,0.8100968670563773,0.7531011673657986,0.8100968670563773,1.1928006577519454,0.789715643303006,1.1928006577519454,0.789715643303006,0.7531011673657986,0.8100968670563773,0.7531011673657986,0.8100968670563773,1.1928006577519454,0.789715643303006,1.1928006577519454,0.789715643303006,-2.225027283569659,0.7609705772734413,-2.225027283569659,0.7609705772734413,-1.8461833672663488,0.740863369657152,-1.8461833672663488,0.740863369657152,-2.225027283569659,0.7609705772734413,-2.225027283569659,0.7609705772734413,-1.8461833672663488,0.740863369657152,-1.8461833672663488,0.740863369657152,-3.6082773311859455,0.7369174968583293,-3.6082773311859455,0.7369174968583293,-3.7657626818242704,0.715280091895742,-3.7657626818242704,0.715280091895742,-3.6082773311859455,0.7369174968583293,-3.6082773311859455,0.7369174968583293,-3.7657626818242704,0.715280091895742,-3.7657626818242704,0.715280091895742
58,59355.15196161948,-1.8978909940035464,0.8204022464957792,-1.8978909940035464,0.8204022464957792,-1.0888696415859442,0.7993929608461342,-1.0888696415859442,0.7993929608461342,-1.8978909940035464,0.8204022464957792,-1.8978909940035464,0.8204022464957792,-1.0888696415859442,0.7993929608461342,-1.0888696415859442,0.7993929608461342,0.6649402802007103,0.810502673514835,0.6649402802007103,0.810502673514835,1.1491453743888087,0.790184594930748,1.1491453743888087,0.790184594930748,0.6649402802007103,0.810502673514835,0.6649402802007103,0.810502673514835,1.1491453743888087,0.790184594930748,1.1491453743888087,0.790184594930748,-2.164198180418566,0.7608743086103729,-2.164198180418566,0.7608743086103729,-1.789743414919684,0.7408421562773454,-1.789743414919684,0.7408421562773454,-2.164198180418566,0.7608743086103729,-2.164198180418566,0.7608743086103729,-1.789743414919684,0.7408421562773454,-1.789743414919684,0.7408421562773454,-2.999971314655369,0.7380842185345967,-2.999971314655369,0.7380842185345967,-3.1314797556911174,0.7164397617004983,-3.1314797556911174,0.7164397617004983,-2.999971314655369,0.7380842185345967,-2.999971314655369,0.7380842185345967,-3.1314797556911174,0.7164397617004983,-3.1314797556911174,0.7164397617004983
59,59355.15900155713,-2.9524839228992334,0.8281332880727762,-2.9524839228992334,0.8281332880727762,-2.09320005166137,0.8067274794812844,-2.09320005166137,0.8067274794812844,-2.9524839228992334,0.8281332880727762,-2.9524839228992334,0.8281332880727762,-2.09320005166137,0.8067274794812844,-2.09320005166137,0.8067274794812844,-0.3578232277504867,0.8151909149516678,-0.3578232277504867,0.8151909149516678,0.18549864013945694,0.7947331742783467,0.18549864013945694,0.7947331742783467,-0.3578232277504867,0.8151909149516678,-0.3578232277504867,0.8151909149516678,0.18549864013945694,0.7947331742783467,0.18549864013945694,0.7947331742783467,-3.849234067266707,0.7641532415404362,-3.849234067266707,0.7641532415404362,-3.415627155991075,0.7440290835244717,-3.415627155991075,0.7440290835244717,-3.849234067266707,0.7641532415404362,-3.849234067266707,0.7641532415404362,-3.415627155991075,0.7440290835244717,-3.415627155991075,0.7440290835244717,-4.34237525881926,0.7437925328658901,-4.34237525881926,0.7437925328658901,-4.409397342443839,0.7218759387364642,-4.409397342443839,0.7218759387364642,-4.34237525881926,0.7437925328658901,-4.34237525881926,0.7437925328658901,-4.409397342443839,0.7218759387364642,-4.409397342443839,0.7218759387364642
60,59356.20189979949,-2.979678813709995,0.8319541974243925,-2.979678813709995,0.8319541974243925,-3.2178801900334975,0.8118132700626811,-3.2178801900334975,0.8118132700626811,-2.979678813709995,0.8319541974243925,-2.979678813709995,0.8319541974243925,-3.2178801900334975,0.8118132700626811,-3.2178801900334975,0.8118132700626811,-1.6651268784719377,0.8147840451258876,-1.6651268784719377,0.8147840451258876,-1.3901458851649409,0.7948340854947198,-1.3901458851649409,0.7948340854947198,-1.6651268784719377,0.8147840451258876,-1.6651268784719377,0.8147840451258876,-1.3901458851649409,0.7948340854947198,-1.3901458851649409,0.7948340854947198,-1.3893455051606054,0.7879806973947754,-1.3893455051606054,0.7879806973947754,-0.8914621218812044,0.7663850291612876,-0.8914621218812044,0.7663850291612876,-1.3893455051606054,0.7879806973947754,-1.3893455051606054,0.7879806973947754,-0.8914621218812044,0.7663850291612876,-0.8914621218812044,0.7663850291612876,-2.447141709857192,0.7472189501241848,-2.447141709857192,0.7472189501241848,-2.7118420432460084,0.7257674469287847,-2.7118420432460084,0.7257674469287847,-2.447141709857192,0.7472189501241848,-2.447141709857192,0.7472189501241848,-2.7118420432460084,0.7257674469287847,-2.7118420432460084,0.7257674469287847
61,59356.21184455228,-2.5704897249827923,0.8320143712445156,-2.5704897249827923,0.8320143712445156,-2.3371727432615046,0.811587980963034,-2.3371727432615046,0.811587980963034,-2.5704897249827923,0.8320143712445156,-2.5704897249827923,0.8320143712445156,-2.3371727432615046,0.811587980963034,-2.3371727432615046,0.811587980963034,-1.281598509825983,0.8208379051840241,-1.281598509825983,0.8208379051840241,-0.7736371935633599,0.8006649286163374,-0.7736371935633599,0.8006649286163374,-1.281598509825983,0.8208379051840241,-1.281598509825983,0.8208379051840241,-0.7736371935633599,0.8006649286163374,-0.7736371935633599,0.8006649286163374,-1.6530931562907085,0.7937537584212891,-1.6530931562907085,0.7937537584212891,-1.0672924630020475,0.7720143742973513,-1.0672924630020475,0.7720143742973513,-1.6530931562907085,0.7937537584212891,-1.6530931562907085,0.7937537584212891,-1.0672924630020475,0.7720143742973513,-1.0672924630020475,0.7720143742973513,-2.044329955736373,0.7479650347516864,-2.044329955736373,0.7479650347516864,-2.20849650316498,0.7264123295262457,-2.20849650316498,0.7264123295262457,-2.044329955736373,0.7479650347516864,-2.044329955736373,0.7479650347516864,-2.20849650316498,0.7264123295262457,-2.20849650316498,0.7264123295262457
62,59356.21723925413,-0.8256527809984675,0.8323274564789157,-0.8256527809984675,0.8323274564789157,-0.6731463936110345,0.8118184237209131,-0.6731463936110345,0.8118184237209131,-0.8256527809984675,0.8323274564789157,-0.8256527809984675,0.8323274564789157,-0.6731463936110345,0.8118184237209131,-0.6731463936110345,0.8118184237209131,-0.4159758475822173,0.821702620017455,-0.4159758475822173,0.821702620017455,0.01978681993867326,0.8015395488913887,0.01978681993867326,0.8015395488913887,-0.4159758475822173,0.821702620017455,-0.4159758475822173,0.821702620017455,0.01978681993867326,0.8015395488913887,0.01978681993867326,0.8015395488913887,-1.2046669867734465,0.7944499979958958,-1.2046669867734465,0.7944499979958958,-0.7786943809017259,0.7726775689330018,-0.7786943809017259,0.7726775689330018,-1.2046669867734465,0.7944499979958958,-1.2046669867734465,0.7944499979958958,-0.7786943809017259,0.7726775689330018,-0.7786943809017259,0.7726775689330018,-1.5859613057489241,0.747171626959964,-1.5859613057489241,0.747171626959964,-1.859468926921977,0.7256732826537421,-1.859468926921977,0.7256732826537421,-1.5859613057489241,0.747171626959964,-1.5859613057489241,0.747171626959964,-1.859468926921977,0.7256732826537421,-1.859468926921977,0.7256732826537421
63,59357.25522373009,0.36815440576262404,0.8807587139976542,0.36815440576262404,0.8807587139976542,0.377134302071056,0.85929901006454,0.377134302071056,0.85929901006454,0.36815440576262404,0.8807587139976542,0.36815440576262404,0.8807587139976542,0.377134302071056,0.85929901006454,0.377134302071056,0.85929901006454,2.111068440761784,0.8562333906614353,2.111068440761784,0.8562333906614353,2.602326967255607,0.8350804443343772,2.602326967255607,0.8350804443343772,2.111068440761784,0.8562333906614353,2.111068440761784,0.8562333906614353,2.602326967255607,0.8350804443343772,2.602326967255607,0.8350804443343772,2.8636072418640595,0.8285701774237891,2.8636072418640595,0.8285701774237891,3.5268944088012404,0.8056104292000481,3.5268944088012404,0.8056104292000481,2.8636072418640595,0.8285701774237891,2.8636072418640595,0.8285701774237891,3.5268944088012404,0.8056104292000481,3.5268944088012404,0.8056104292000481,1.2062455318392722,0.789266666386784,1.2062455318392722,0.789266666386784,1.1579733642720385,0.7664120287492334,1.1579733642720385,0.7664120287492334,1.2062455318392722,0.789266666386784,1.2062455318392722,0.789266666386784,1.1579733642720385,0.7664120287492334,1.1579733642720385,0.7664120287492334
64,59357.2655032668,2.4361326664458716,0.8754131543373594,2.4361326664458716,0.8754131543373594,1.841993388378853,0.8539327792598039,1.841993388378853,0.8539327792598039,2.4361326664458716,0.8754131543373594,2.4361326664458716,0.8754131543373594,1.841993388378853,0.8539327792598039,1.841993388378853,0.8539327792598039,3.7632704839537325,0.8555965752086203,3.7632704839537325,0.8555965752086203,3.748560942688556,0.8346544494179517,3.748560942688556,0.8346544494179517,3.7632704839537325,0.8555965752086203,3.7632704839537325,0.8555965752086203,3.748560942688556,0.8346544494179517,3.748560942688556,0.8346544494179517,3.7478100552079923,0.8276262342810423,3.7478100552079923,0.8276262342810423,4.218599751908272,0.804879106862729,4.218599751908272,0.804879106862729,3.7478100552079923,0.8276262342810423,3.7478100552079923,0.8276262342810423,4.218599751908272,0.804879106862729,4.218599751908272,0.804879106862729,0.9083100816668832,0.7868755410658996,0.9083100816668832,0.7868755410658996,1.0348493723873844,0.7641156989006498,1.0348493723873844,0.7641156989006498,0.9083100816668832,0.7868755410658996,0.9083100816668832,0.7868755410658996,1.0348493723873844,0.7641156989006498,1.0348493723873844,0.7641156989006498
65,59357.27718847895,1.3449637585420362,0.8701861769055671,1.3449637585420362,0.8701861769055671,1.6729235085566643,0.8486973946549475,1.6729235085566643,0.8486973946549475,1.3449637585420362,0.8701861769055671,1.3449637585420362,0.8701861769055671,1.6729235085566643,0.8486973946549475,1.6729235085566643,0.8486973946549475,1.876794525644783,0.8602157113552511,1.876794525644783,0.8602157113552511,2.1671560003036063,0.8391930224646496,2.1671560003036063,0.8391930224646496,1.876794525644783,0.8602157113552511,1.876794525644783,0.8602157113552511,2.1671560003036063,0.8391930224646496,2.1671560003036063,0.8391930224646496,1.1525414169562112,0.8317271187368308,1.1525414169562112,0.8317271187368308,1.563502913873407,0.8089724908279412,1.563502913873407,0.8089724908279412,1.1525414169562112,0.8317271187368308,1.1525414169562112,0.8317271187368308,1.563502913873407,0.8089724908279412,1.563502913873407,0.8089724908279412,0.6791848584028912,0.7859852659604762,0.6791848584028912,0.7859852659604762,0.6529831003188065,0.763203060535941,0.6529831003188065,0.763203060535941,0.6791848584028912,0.7859852659604762,0.6791848584028912,0.7859852659604762,0.6529831003188065,0.763203060535941,0.6529831003188065,0.763203060535941
66,59358.11984506107,1.2310664232536794,0.8097348543095746,1.2310664232536794,0.8097348543095746,0.9655088951670052,0.787666657605352,0.9655088951670052,0.787666657605352,1.2310664232536794,0.8097348543095746,1.2310664232536794,0.8097348543095746,0.9655088951670052,0.787666657605352,0.9655088951670052,0.787666657605352,-4.490389092033212,0.8035234895705766,-4.490389092033212,0.8035234895705766,-5.120221548416055,0.7832578853092067,-5.120221548416055,0.7832578853092067,-4.490389092033212,0.8035234895705766,-4.490389092033212,0.8035234895705766,-5.120221548416055,0.7832578853092067,-5.120221548416055,0.7832578853092067,-3.3931221013297943,0.762935921228717,-3.3931221013297943,0.762935921228717,-3.3982988009652786,0.7432364782966921,-3.3982988009652786,0.7432364782966921,-3.3931221013297943,0.762935921228717,-3.3931221013297943,0.762935921228717,-3.3982988009652786,0.7432364782966921,-3.3982988009652786,0.7432364782966921,-1.108254915689372,0.7493559911165584,-1.108254915689372,0.7493559911165584,-1.0210945673052265,0.7267606408085346,-1.0210945673052265,0.7267606408085346,-1.108254915689372,0.7493559911165584,-1.108254915689372,0.7493559911165584,-1.0210945673052265,0.7267606408085346,-1.0210945673052265,0.7267606408085346
67,59358.12967603651,-2.6862984219074804,0.8072316863225859,-2.6862984219074804,0.8072316863225859,-2.0007020693939523,0.7855792217618677,-2.0007020693939523,0.7855792217618677,-2.6862984219074804,0.8072316863225859,-2.6862984219074804,0.8072316863225859,-2.0007020693939523,0.7855792217618677,-2.0007020693939523,0.7855792217618677,-6.5754607959420355,0.8022222917150225,-6.5754607959420355,0.8022222917150225,-6.996696643559289,0.7815188156957218,-6.996696643559289,0.7815188156957218,-6.5754607959420355,0.8022222917150225,-6.5754607959420355,0.8022222917150225,-6.996696643559289,0.7815188156957218,-6.996696643559289,0.7815188156957218,-1.9727107812239524,0.758770915319484,-1.9727107812239524,0.758770915319484,-2.017508890465308,0.7390248652517035,-2.017508890465308,0.7390248652517035,-1.9727107812239524,0.758770915319484,-1.9727107812239524,0.758770915319484,-2.017508890465308,0.7390248652517035,-2.017508890465308,0.7390248652517035,0.8925396354328541,0.7509802698219429,0.8925396354328541,0.7509802698219429,0.8185093029466088,0.7281899971796602,0.8185093029466088,0.7281899971796602,0.8925396354328541,0.7509802698219429,0.8925396354328541,0.7509802698219429,0.8185093029466088,0.7281899971796602,0.8185093029466088,0.7281899971796602
68,59358.13733510624,-5.215968272507695,0.8138738736891253,-5.215968272507695,0.8138738736891253,-4.4150774941232385,0.792060552329259,-4.4150774941232385,0.792060552329259,-5.215968272507695,0.8138738736891253,-5.215968272507695,0.8138738736891253,-4.4150774941232385,0.792060552329259,-4.4150774941232385,0.792060552329259,-7.002781142939256,0.8109246779095056,-7.002781142939256,0.8109246779095056,-7.340202072688896,0.7898789516253861,-7.340202072688896,0.7898789516253861,-7.002781142939256,0.8109246779095056,-7.002781142939256,0.8109246779095056,-7.340202072688896,0.7898789516253861,-7.340202072688896,0.7898789516253861,-2.5937879100335124,0.761390551527674,-2.5937879100335124,0.761390551527674,-2.7394413573463225,0.7415453690314695,-2.7394413573463225,0.7415453690314695,-2.5937879100335124,0.761390551527674,-2.5937879100335124,0.761390551527674,-2.7394413573463225,0.7415453690314695,-2.7394413573463225,0.7415453690314695,-0.5011560165475828,0.7567397481215205,-0.5011560165475828,0.7567397481215205,-0.5286844463429361,0.7337389778396606,-0.5286844463429361,0.7337389778396606,-0.5011560165475828,0.7567397481215205,-0.5011560165475828,0.7567397481215205,-0.5286844463429361,0.7337389778396606,-0.5286844463429361,0.7337389778396606
69,59359.21520100764,-6.961390007321086,0.8116676571774406,-6.961390007321086,0.8116676571774406,-8.34283025640687,0.7919620250147736,-8.34283025640687,0.7919620250147736,-6.961390007321086,0.8116676571774406,-6.961390007321086,0.8116676571774406,-8.34283025640687,0.7919620250147736,-8.34283025640687,0.7919620250147736,-8.836487182570465,0.7877832819643109,-8.836487182570465,0.7877832819643109,-9.145557269887831,0.7681556650632695,-9.145557269887831,0.7681556650632695,-8.836487182570465,0.7877832819643109,-8.836487182570465,0.7877832819643109,-9.145557269887831,0.7681556650632695,-9.145557269887831,0.7681556650632695,-5.653875272214009,0.7476751152943415,-5.653875272214009,0.7476751152943415,-5.888834820431697,0.7278642591228166,-5.888834820431697,0.7278642591228166,-5.653875272214009,0.7476751152943415,-5.653875272214009,0.7476751152943415,-5.888834820431697,0.7278642591228166,-5.888834820431697,0.7278642591228166,-2.6002778810402276,0.7494895103178151,-2.6002778810402276,0.7494895103178151,-2.527703185658055,0.7272137046275684,-2.527703185658055,0.7272137046275684,-2.6002778810402276,0.7494895103178151,-2.6002778810402276,0.7494895103178151,-2.527703185658055,0.7272137046275684,-2.527703185658055,0.7272137046275684
70,59359.26578575138,-4.445729735946372,0.8274115664254232,-4.445729735946372,0.8274115664254232,-4.925368366388682,0.8078662720997759,-4.925368366388682,0.8078662720997759,-4.445729735946372,0.8274115664254232,-4.445729735946372,0.8274115664254232,-4.925368366388682,0.8078662720997759,-4.925368366388682,0.8078662720997759,0.14716514402152825,0.7821887541002052,0.14716514402152825,0.7821887541002052,-0.01978681993867326,0.7631112024154377,-0.01978681993867326,0.7631112024154377,0.14716514402152825,0.7821887541002052,0.14716514402152825,0.7821887541002052,-0.01978681993867326,0.7631112024154377,-0.01978681993867326,0.7631112024154377,1.39270643153381,0.7517633901647877,1.39270643153381,0.7517633901647877,1.113286285781129,0.731303169826895,1.113286285781129,0.731303169826895,1.39270643153381,0.7517633901647877,1.39270643153381,0.7517633901647877,1.113286285781129,0.731303169826895,1.113286285781129,0.731303169826895,-0.23384033518166802,0.7419247564620863,-0.23384033518166802,0.7419247564620863,-0.3114315697760617,0.7203575961429284,-0.3114315697760617,0.7203575961429284,-0.23384033518166802,0.7419247564620863,-0.23384033518166802,0.7419247564620863,-0.3114315697760617,0.7203575961429284,-0.3114315697760617,0.7203575961429284
71,59359.26910917831,-4.069356670075734,0.8267569151758418,-4.069356670075734,0.8267569151758418,-4.498918507819724,0.8071261977132215,-4.498918507819724,0.8071261977132215,-4.069356670075734,0.8267569151758418,-4.069356670075734,0.8267569151758418,-4.498918507819724,0.8071261977132215,-4.498918507819724,0.8071261977132215,0.41600249981954107,0.7820177555641777,0.41600249981954107,0.7820177555641777,0.2093446665344345,0.7629734207409431,0.2093446665344345,0.7629734207409431,0.41600249981954107,0.7820177555641777,0.41600249981954107,0.7820177555641777,0.2093446665344345,0.7629734207409431,0.2093446665344345,0.7629734207409431,1.3057623613883038,0.7509779589161483,1.3057623613883038,0.7509779589161483,0.994482676525621,0.7305417874136372,0.994482676525621,0.7305417874136372,1.3057623613883038,0.7509779589161483,1.3057623613883038,0.7509779589161483,0.994482676525621,0.7305417874136372,0.994482676525621,0.7305417874136372,-1.0305591302337405,0.7413451394322098,-1.0305591302337405,0.7413451394322098,-1.1691645494938712,0.7199120472856206,-1.1691645494938712,0.7199120472856206,-1.0305591302337405,0.7413451394322098,-1.0305591302337405,0.7413451394322098,-1.1691645494938712,0.7199120472856206,-1.1691645494938712,0.7199120472856206
